provinsi,kabupaten_kota,derajat_desentralisasi_2023,rasio_kemandirian_2023,tingkat_penyerapan_pendapatan,tingkat_penyerapan_belanja,rasio_pajak,rasio_efektivitas_pad,rasio_efektivitas_pajak,rasio_belanja_thd_pendapatan,log_derajat_desentralisasi_2023,log_rasio_kemandirian_2023,log_tingkat_penyerapan_pendapatan,log_tingkat_penyerapan_belanja,log_rasio_pajak,log_rasio_efektivitas_pad,log_rasio_efektivitas_pajak,log_rasio_belanja_thd_pendapatan
Aceh,Kab. Aceh Barat,11.37,12.97,105.63,101.55,1.95,114.28,102.13,100.27,2.5152741864043966,2.6369121732688705,4.669364898030088,4.63035048451839,1.0818051703517284,4.747363951691266,4.635990328327978,4.617790217344194
Aceh,Kab. Aceh Barat Daya,12.65,14.78,102.79,92.86,1.0,116.05,100.38,100.8,2.613739521630969,2.7587433154177283,4.642369626977198,4.541804310366271,0.6931471805599453,4.76260119393692,4.6188758330442035,4.623010104116422
Aceh,Kab. Aceh Besar,8.59,9.56,98.88,97.43,5.53,95.99,88.8,99.09,2.2607208888953467,2.3570732782781154,4.603969465411573,4.58934563564112,1.8764069432883397,4.574607880405451,4.497584975308154,4.606069781230928
Aceh,Kab. Aceh Jaya,8.39,9.25,103.83,100.24,0.8,108.48,104.93,98.53,2.2396452932201716,2.327277705584417,4.6523399904644815,4.617493935676923,0.5877866649021191,4.695741884172478,4.662778498608405,4.600459106257972
Aceh,Kab. Aceh Selatan,11.95,13.77,102.2,98.92,0.95,110.79,117.74,102.19,2.5610957881455465,2.6925980965432883,4.636668853047462,4.604369865817322,0.6678293725756554,4.716622111282234,4.776936228842529,4.636571949127623
Aceh,Kab. Aceh Singkil,5.71,6.12,102.56,99.05,1.01,84.8,69.8,97.41,1.9035989509835904,1.9629077254238845,4.640151154883337,4.605670061029742,0.6981347220709844,4.4520190064939165,4.259859000699674,4.589142424910894
Aceh,Kab. Aceh Tamiang,10.53,12.16,105.57,99.87,1.36,129.21,99.5,97.74,2.4449523342809676,2.5771819258971713,4.668802046232865,4.613832559066744,0.8586616190375187,4.869148531740637,4.61015772749913,4.592490132830717
Aceh,Kab. Aceh Tengah,12.39,14.35,102.03,99.92,1.09,106.67,93.47,97.34,2.5945081597030812,2.731115474033206,4.635020207956977,4.614328123772857,0.7371640659767197,4.679070993827626,4.548282323781043,4.5884308619837935
Aceh,Kab. Aceh Tenggara,7.89,8.66,102.26,101.83,0.8,106.55,60.87,100.27,2.1849270495258133,2.2679936482244267,4.637250079451503,4.6330771392411,0.5877866649021191,4.677955855713739,4.125035409542898,4.617790217344194
Aceh,Kab. Aceh Timur,7.76,8.6,102.95,103.09,1.21,134.67,109.8,100.03,2.1701959049483,2.2617630984737906,4.643910014304022,4.645255909527377,0.7929925155296614,4.910225466497217,4.707726774313183,4.615417502439641
Aceh,Kab. Aceh Utara,8.4,9.32,103.25,101.28,1.62,109.95,128.92,100.29,2.2407096892759584,2.334083760053417,4.646791860678911,4.627714150422986,0.9631743177730056,4.709079649378603,4.866918876413368,4.6179876896987055
Aceh,Kab. Bener Meriah,8.39,9.32,104.78,102.43,0.67,136.82,102.67,99.71,2.2396452932201716,2.334083760053417,4.6613614656378335,4.638895055389712,0.5128236264286637,4.925948485929061,4.641212777335021,4.612245099660053
Aceh,Kab. Bireuen,10.1,11.43,103.64,100.49,1.47,119.35,82.53,97.29,2.4069451083182885,2.5201129055226197,4.650525887708889,4.619960271460727,0.9042181506398859,4.790404164229081,4.425205848767815,4.587922292578538
Aceh,Kab. Gayo Lues,6.86,7.43,105.47,103.36,0.76,127.27,150.28,100.06,2.061786606441115,2.131796772013764,4.667863255326515,4.647846460268528,0.5653138090500605,4.854137417311759,5.019132424350202,4.615714399863762
Aceh,Kab. Nagan Raya,8.74,9.74,97.65,97.02,1.71,104.97,152.94,104.59,2.2762411176544437,2.3739750890807185,4.591578232468624,4.585171539481402,0.9969486348916096,4.663156035186745,5.036562916106171,4.659563669818423
Aceh,Kab. Pidie,11.21,12.85,101.47,99.61,1.42,107.49,151.07,98.12,2.502255288122613,2.6282852326333477,4.629570072811626,4.611251656303959,0.883767540168595,4.686658002834359,5.024340941152368,4.596331237320887
Aceh,Kab. Pidie Jaya,11.27,12.88,105.14,108.63,1.12,105.05,135.02,103.2,2.50715725872282,2.6304489550786583,4.664758977399749,4.697111059686448,0.7514160886839212,4.663910681010692,4.912801933747493,4.646312129319266
Aceh,Kab. Simeulue,8.65,9.64,98.05,95.04,0.76,102.94,85.91,100.88,2.2669579153508947,2.3646204839134985,4.59562477314456,4.564764771353053,0.5653138090500605,4.643813809580296,4.464873100449369,4.623795650111256
Aceh,Kota Banda Aceh,22.58,29.62,101.38,101.67,8.22,102.09,93.51,100.86,3.160398895109225,3.4216533902295376,4.628691381029437,4.6315199613108735,2.2213750375685026,4.635602393108293,4.548705649006965,4.623599321456458
Aceh,Kota Langsa,18.95,23.42,105.42,104.48,2.25,112.34,93.06,101.15,2.9932291433358724,3.1954024686825586,4.667393529168224,4.658521361485086,1.1786549963416462,4.730392150741473,4.543932876516902,4.626442321263631
Aceh,Kota Lhokseumawe,7.51,8.26,101.11,93.7,5.24,94.88,116.22,96.36,2.1412419425852827,2.225704048658088,4.6260506635674465,4.550714000192032,1.8309801823813363,4.563097409566184,4.764052511048283,4.578415448679272
Aceh,Kota Sabang,9.05,10.0,98.94,94.34,1.12,71.46,87.97,103.26,2.307572634505085,2.3978952727983707,4.604570005916059,4.55744944977668,0.7514160886839212,4.283034685466931,4.488299234256676,4.64688777933996
Aceh,Kota Subulussalam,9.05,10.06,101.92,96.84,0.91,79.01,62.9,97.64,2.307572634505085,2.403334996094189,4.6339519874135435,4.583333491378917,0.6471032420585385,4.382151626862033,4.157319361383489,4.591476858856089
Bali,Kab. Badung,87.41,695.14,119.09,120.25,78.66,121.61,122.61,100.98,4.481985085417713,6.545550789531874,4.788241461672592,4.7978545298175925,4.377767577753498,4.809008586244295,4.817131447899731,4.62477671562701
Bali,Kab. Bangli,17.39,21.11,98.26,95.32,4.14,101.22,126.86,102.18,2.91180703861623,3.096029994869355,4.5977426701592945,4.567675981560511,1.6370530794670737,4.627127353340134,4.850935915338581,4.636475035816504
Bali,Kab. Buleleng,20.77,26.72,100.28,99.18,9.99,94.95,120.93,99.47,3.080532875246456,3.3221541743217022,4.617888958395866,4.606968567929471,2.39698576841553,4.563827222453709,4.803447109572174,4.609859175474223
Bali,Kab. Gianyar,58.5,141.07,102.22,92.41,44.69,106.44,123.52,93.53,4.085976312551584,4.956319893883986,4.6368626327205815,4.5369984058847574,3.8218794555751803,4.676932552214982,4.824466345573407,4.548917244437293
Bali,Kab. Jembrana,19.78,24.65,108.85,101.11,8.05,139.07,185.52,102.06,3.0339909856710814,3.2445435716167785,4.699115798830619,4.6260506635674465,2.2027647577118348,4.942142297650955,5.22853847194012,4.635311342900078
Bali,Kab. Karangasem,23.22,30.3,105.98,101.08,14.14,134.66,163.11,96.47,3.1871787381249463,3.4436180975461075,4.672641901103104,4.6257568195964796,2.717340248009303,4.9101517555179335,5.100536934691537,4.579544638349119
Bali,Kab. Klungkung,25.58,34.37,113.47,97.46,8.3,134.04,189.2,98.91,3.2801590532850993,3.5658640032173894,4.740312779930385,4.589650374330055,2.2300144001592104,4.905571030847647,5.24807615011129,4.604269780744927
Bali,Kab. Tabanan,25.39,34.03,103.17,99.08,11.99,102.04,143.24,100.38,3.2729851505152325,3.5562048372093953,4.646024179996357,4.605969866158656,2.5641798306825083,4.635117262356044,4.971478578895062,4.6188758330442035
Bali,Kota Denpasar,48.14,94.25,116.88,98.47,38.87,133.23,135.66,93.36,3.894673367093033,4.55650501400681,4.769667157869494,4.599856091164322,3.6856241613932634,4.899554746499545,4.917496089352632,4.547117254539474
Banten,Kab. Lebak,16.18,19.46,102.87,104.32,6.32,104.9,107.78,105.44,2.8437459165561094,3.0184717605234805,4.64314011723972,4.657003334628109,1.9906103279732201,4.662495252607361,4.689327493994814,4.667581446109488
Banten,Kab. Pandeglang,9.49,10.48,99.87,99.11,2.84,84.92,85.13,100.41,2.3504224224082058,2.4406063908914204,4.613832559066744,4.606269581431392,1.3454723665996355,4.453416630760555,4.455857782801083,4.619171705623905
Banten,Kab. Serang,27.05,37.24,101.38,97.86,16.61,97.44,99.07,101.0,3.3339886319687055,3.643882088183201,4.628691381029437,4.593704707878813,2.8684669225081145,4.589447225522855,4.605869941102364,4.624972813284271
Banten,Kab. Tangerang,55.16,123.01,117.95,110.88,43.73,129.87,130.19,98.87,4.028204759717555,4.820362207514681,4.778703236748966,4.717426868333759,3.8006444174447567,4.87420446406739,4.876646654092939,4.603869340255043
Banten,Kota Cilegon,39.13,65.25,93.44,86.32,30.55,80.17,76.62,111.61,3.6921241842788253,4.193435464866331,4.547964712217312,4.4695795316817435,3.4515735889872223,4.3965457207730845,4.35182512594076,4.723930521708934
Banten,Kota Serang,18.28,22.37,111.1,101.37,12.78,82.13,83.2,99.98,2.9590682891823996,3.1514531485507664,4.719391330078114,4.628593700931679,2.6232182655855123,4.420405647542997,4.4331949212482815,4.6149224774307696
Banten,Kota Tangerang,48.41,93.89,102.86,92.24,41.51,98.99,98.45,100.3,3.9001528328576587,4.552718325985667,4.6430438384161725,4.535176814167556,3.749739342370699,4.605070180987758,4.599655005299981,4.618086411254637
Banten,Kota Tangerang Selatan,52.38,109.99,110.14,102.64,46.59,110.84,114.1,107.13,3.9774361439763783,4.709440107163888,4.710790667851775,4.640923355693909,3.862622655133019,4.7170692784855,4.745801315727837,4.683334206957445
Bengkulu,Kab. Bengkulu Selatan,5.27,5.61,105.94,102.58,1.25,126.77,139.35,99.87,1.8357763546448294,1.888583653863595,4.672267929520586,4.640344260995746,0.8109302162163288,4.850231772603232,4.9441393028078915,4.613832559066744
Bengkulu,Kab. Bengkulu Tengah,3.44,3.67,102.06,101.57,1.49,115.86,125.2,102.91,1.4906543764441333,1.541159071680806,4.635311342900078,4.630545492319319,0.9122827104766162,4.760976637126291,4.837867950107113,4.643525139864555
Bengkulu,Kab. Bengkulu Utara,5.99,6.47,104.34,102.41,1.69,87.62,87.42,101.19,1.944480556245719,2.010894999144726,4.657193214055243,4.638701669196884,0.9895411936137477,4.484357565771344,4.482098188398097,4.626833825624118
Bengkulu,Kab. Kaur,3.82,4.1,100.45,96.95,0.94,92.53,112.45,99.65,1.5727739280625088,1.62924053973028,4.619566066271823,4.58445714439055,0.6626879730752367,4.53828224044646,4.731362211225851,4.611649152085801
Bengkulu,Kab. Kepahiang,5.77,6.18,105.26,103.53,1.18,119.75,123.56,99.94,1.9125010869241836,1.9712993830601329,4.665888921022797,4.649474111544616,0.7793248768009976,4.793722292532682,4.824787527525743,4.614526280912116
Bengkulu,Kab. Lebong,3.42,3.68,96.67,93.0,1.11,46.07,104.12,100.55,1.4861396960896067,1.5432981099295553,4.581594449459386,4.543294782270004,0.7466879474879752,3.851635855413051,4.655102554736301,4.620551288026394
Bengkulu,Kab. Mukomuko,6.7,7.25,102.36,93.15,2.77,99.66,154.46,96.35,2.0412203288596382,2.1102132003465894,4.638218040034292,4.544889255103161,1.3270750014599193,4.611748501348214,5.0463884638020735,4.578312731818208
Bengkulu,Kab. Rejang Lebong,6.26,6.79,102.66,95.76,1.84,94.35,120.44,98.0,1.9823798288367047,2.052840859882657,4.641116312761561,4.572233685741827,1.0438040521731147,4.557554332046428,4.79942031364732,4.59511985013459
Bengkulu,Kab. Seluma,2.88,3.0,101.18,97.3,1.31,89.51,75.14,100.26,1.355835153635182,1.3862943611198906,4.626735963902652,4.5880240271531205,0.8372475245337022,4.505460341839079,4.332573750954351,4.617691466541763
Bengkulu,Kota Bengkulu,16.66,20.31,90.72,89.39,11.04,61.74,62.5,97.27,2.8713021951758138,3.0591764461105257,4.518740457989703,4.50413364181032,2.488234439880675,4.138999202762532,4.151039905898646,4.587718792374336
DI Yogyakarta,Kab. Bantul,24.31,32.25,105.79,100.21,11.17,106.42,113.85,99.81,3.2311995745570328,3.5040547671018634,4.670864289183454,4.61719756620081,2.498973906999436,4.676746384477314,4.743626929135107,4.61323755706585
DI Yogyakarta,Kab. Gunung Kidul,13.92,16.23,102.6,98.43,4.03,101.63,110.55,100.44,2.702702594775615,2.8466520505398383,4.640537329825382,4.599453878991982,1.6154199841116479,4.631130287657623,4.714472920878541,4.6194674906889155
DI Yogyakarta,Kab. Kulon Progo,19.11,23.76,105.82,104.4,5.7,115.19,92.22,99.93,3.001217203784561,3.2092294478163956,4.671145174911624,4.657762636107262,1.9021075263969205,4.755226782194771,4.534962290944595,4.614427207250769
DI Yogyakarta,Kab. Sleman,36.65,58.14,105.48,101.11,27.02,106.53,109.9,100.94,3.6283329542459026,4.079907514424331,4.667957174086856,4.6260506635674465,3.332918540908861,4.677769878402435,4.7086288943563215,4.624384404911896
DI Yogyakarta,Kota Yogyakarta,40.25,67.37,109.82,103.19,27.59,120.78,123.44,98.57,3.71965111278069,4.2249341319257026,4.707907263439203,4.646216155424092,3.3530570063342204,4.802216138180428,4.8238236720294365,4.600860914399993
Gorontalo,Kab. Boalemo,8.86,9.72,102.18,100.32,1.03,130.37,65.36,98.19,2.288486168614544,2.372111155642656,4.636475035816504,4.618283825133474,0.708035793053696,4.878017769481417,4.195094465322244,4.597037202757902
Gorontalo,Kab. Bone Bolango,13.4,15.76,103.04,108.19,1.85,117.5,84.45,104.86,2.667228206581955,2.818995095053937,4.64477544058045,4.6930894840259745,1.0473189942805592,4.774912960575186,4.4479314095616,4.662117466429842
Gorontalo,Kab. Gorontalo,11.2,12.7,94.72,97.78,2.46,74.45,73.87,99.34,2.501435951739211,2.617395832834079,4.561427263040173,4.592895155112479,1.2412685890696329,4.323470185213858,4.315753276242594,4.608564419056107
Gorontalo,Kab. Gorontalo Utara,4.51,4.78,100.72,93.46,1.11,107.87,70.92,105.64,1.706564623164823,1.7544036826842861,4.622223940553919,4.548176464467971,0.7466879474879752,4.690154509893088,4.275554390163365,4.6694586758704535
Gorontalo,Kab. Pohuwato,9.6,10.8,100.17,98.55,2.07,102.33,96.59,100.89,2.3608540011180215,2.468099531471619,4.616802270217799,4.6006600305102054,1.1216775615991057,4.637927750226264,4.5807750291533695,4.6238937999861935
Gorontalo,Kota Gorontalo,31.75,47.19,102.86,100.22,8.65,116.92,91.56,99.93,3.488902962081261,3.8751515306522415,4.6430438384161725,4.617296365785932,2.2669579153508947,4.770006428441026,4.527857082885421,4.614427207250769
Jambi,Kab. Batang Hari,9.71,10.77,101.58,97.72,2.95,87.89,79.6,106.96,2.3711778844596574,2.4655539212721855,4.630642981961122,4.592287560157078,1.3737155789130306,4.487399650253583,4.389498649512583,4.681760788149804
Jambi,Kab. Bungo,12.17,14.13,113.94,111.31,3.51,102.71,80.9,104.16,2.5779415157551897,2.7166795278002644,4.744410253079596,4.721262904974945,1.506297153514587,4.641598542601643,4.405498990859024,4.655482999861681
Jambi,Kab. Kerinci,4.57,4.83,103.4,100.19,1.39,196.17,123.2,100.3,1.7173950539391927,1.763017000362401,4.648229675448539,4.616999937741668,0.8712933659434192,5.284066300778177,4.821893169499378,4.618086411254637
Jambi,Kab. Merangin,6.8,7.38,102.03,96.32,2.19,86.45,68.67,95.48,2.0541237336955462,2.1258479144939915,4.635020207956977,4.578004517915322,1.1600209167967532,4.471067201464611,4.2437698090420275,4.5693357329788755
Jambi,Kab. Muaro Jambi,7.8,8.53,103.19,98.69,5.34,118.18,133.35,98.75,2.174751721484161,2.254444717666111,4.646216155424092,4.602065371034612,1.8468787684491346,4.780634955318833,4.9004483350615,4.602667055769973
Jambi,Kab. Sarolangun,4.71,4.98,102.98,97.25,1.77,75.35,81.53,99.87,1.742219023667919,1.7884205679625405,4.6441985729555695,4.58751525074937,1.0188473201992472,4.335328031664641,4.413161863604593,4.613832559066744
Jambi,Kab. Tanjung Jabung Barat,8.63,9.44,109.22,121.0,2.38,111.0,109.79,117.18,2.2648832258100344,2.3456445824544927,4.70247836845509,4.804021044733257,1.2178757094949273,4.718498871295094,4.707636517532581,4.772208885917529
Jambi,Kab. Tanjung Jabung Timur,5.26,5.55,104.05,98.64,1.75,108.51,95.35,102.24,1.8341801851120072,1.8794650496471605,4.654436427291009,4.60156369039398,1.0116009116784799,4.696015869287668,4.567987394860375,4.637056374850413
Jambi,Kab. Tebo,6.79,7.43,108.26,107.89,2.0,99.88,122.7,100.88,2.052840859882657,2.131796772013764,4.693730362967572,4.69033819835797,1.0986122886681098,4.613931691656664,4.8178592793984425,4.623795650111256
Jambi,Kota Jambi,26.97,36.93,98.24,98.61,19.56,87.02,91.63,103.46,3.3311325072138684,3.6357423557008075,4.5975411588236,4.601262561157074,3.0233474405869645,4.477564061382945,4.5286130632659365,4.6488042230081525
Jambi,Kota Sungai Penuh,9.14,10.13,97.49,95.68,1.2,69.31,69.32,103.61,2.316487998163037,2.4096441652874536,4.589955020181611,4.571406555835282,0.7884573603642702,4.25291403621107,4.253056253376921,4.650239149355669
Jawa Barat,Kab. Bandung,20.38,25.79,133.59,119.99,10.32,100.49,90.44,101.19,3.062455905596899,3.2880286835565173,4.902233120245624,4.7957078975533864,2.4265710727750367,4.619960271460727,4.515683019486556,4.626833825624118
Jawa Barat,Kab. Bandung Barat,22.94,29.77,92.07,89.16,16.69,64.57,94.42,98.42,3.1755507001298273,3.4265401893339504,4.533351898197619,4.501585869731521,2.872999508171694,4.183118274275528,4.5582882000879605,4.599353300666526
Jawa Barat,Kab. Bekasi,43.47,76.9,108.83,98.04,35.94,104.55,103.08,102.2,3.794814804522605,4.355425952876702,4.698933715800255,4.595523808936286,3.609294974771094,4.65918477429433,4.64515983420425,4.636668853047462
Jawa Barat,Kab. Bogor,40.74,69.72,113.91,104.62,28.81,115.78,112.13,98.75,3.7314599016490546,4.258728418329388,4.744149213269543,4.659847747278787,3.39484390768998,4.760291822855391,4.728537599938376,4.602667055769973
Jawa Barat,Kab. Ciamis,9.84,10.93,117.93,109.8,2.85,108.21,107.21,101.16,2.3832429960115,2.4790562361098245,4.778535084739154,4.707726774313183,1.3480731482996928,4.693272634209637,4.684073783583557,4.626540211724284
Jawa Barat,Kab. Cianjur,15.18,18.44,99.97,97.6,6.39,83.25,110.58,102.24,2.7837759116303458,2.967332799032293,4.614823443016229,4.591071261608589,2.0001277349601105,4.433788569232471,4.714741822417382,4.637056374850413
Jawa Barat,Kab. Cirebon,18.53,22.75,115.24,115.43,8.18,91.82,101.74,102.87,2.9719517448885875,3.1675825304806504,4.755657019262028,4.7572902340489245,2.217027204632399,4.5306621338130295,4.632201525039122,4.64314011723972
Jawa Barat,Kab. Garut,11.2,12.69,109.47,105.79,3.64,101.6,101.08,100.68,2.501435951739211,2.6166656393003573,4.704743990884184,4.670864289183454,1.534714366238164,4.630837932736669,4.6257568195964796,4.621830626881199
Jawa Barat,Kab. Indramayu,17.81,21.89,100.94,98.44,5.38,104.96,131.3,101.38,2.934388643312939,3.1307001339644756,4.624384404911896,4.599554447202456,1.8531680973566984,4.663061664403869,4.88507207112091,4.628691381029437
Jawa Barat,Kab. Karawang,32.64,49.51,103.56,97.79,25.98,103.96,105.97,100.14,3.5157158351047473,3.9221713364799613,4.649761069315966,4.592996385056383,3.2950958507796098,4.653579325195778,4.672548421318039,4.616505695651837
Jawa Barat,Kab. Kuningan,10.77,12.31,99.62,100.22,4.31,56.67,82.15,99.66,2.4655539212721855,2.58851563240702,4.611351045063173,4.617296365785932,1.6695918352538475,4.0547371076273215,4.420646205638937,4.611748501348214
Jawa Barat,Kab. Majalengka,17.51,21.23,89.4,89.15,5.14,90.83,80.63,100.05,2.9183111265854063,3.101442727976105,4.504244267398131,4.501474949649326,1.814824742159051,4.519939041625431,4.402196841463264,4.61561544384963
Jawa Barat,Kab. Pangandaran,18.2,22.24,138.73,136.6,5.72,101.29,67.32,100.7,2.954910279033736,3.1458749319837103,4.939711989092356,4.924350925499243,1.9050881545350582,4.627811916468916,4.224202549480315,4.622027303054514
Jawa Barat,Kab. Purwakarta,23.39,30.54,94.77,93.44,14.26,72.74,69.65,100.57,3.194173212227829,3.451256581534892,4.561949483533528,4.547964712217312,2.725235025856311,4.300545392805998,4.257738109130536,4.6207482159514095
Jawa Barat,Kab. Subang,18.09,22.42,114.98,109.62,9.55,86.93,88.4,98.11,2.949164637737656,3.1535903581695712,4.7534177624482945,4.706100904566532,2.3561258599220753,4.4765410433909105,4.493120682179469,4.596230344418617
Jawa Barat,Kab. Sukabumi,17.33,21.1,105.77,104.82,6.81,112.91,102.57,100.31,2.9085390618516134,3.095577608523707,4.670676988190211,4.661739537475985,2.0554049638515948,4.735408662911821,4.640247712600788,4.618185123065586
Jawa Barat,Kab. Sumedang,18.23,22.3,101.73,104.46,7.83,82.99,76.74,102.62,2.9564715596006885,3.1484533605716547,4.6321041872281725,4.658331734102323,2.178155014615869,4.430697744137536,4.353369925424077,4.640730361386642
Jawa Barat,Kab. Tasikmalaya,9.49,10.52,103.99,101.51,2.93,86.17,101.93,98.67,2.3504224224082058,2.444084655267745,4.65386510752685,4.62996035479531,1.3686394258811698,4.467860235023485,4.6340491455384685,4.601864728979365
Jawa Barat,Kota Bandung,42.5,74.0,100.46,93.66,33.13,91.38,95.15,97.68,3.7727609380946383,4.31748811353631,4.6196646321385435,4.5502915244781015,3.530176762918616,4.525910505002459,4.565909472034789,4.591882291661156
Jawa Barat,Kota Banjar,17.33,20.96,105.45,102.63,2.69,85.1,100.48,100.41,2.9085390618516134,3.08922261664133,4.667675391339489,4.640826863196126,1.3056264580524357,4.455509411433685,4.6198617347310815,4.619171705623905
Jawa Barat,Kota Bekasi,44.45,80.03,105.91,108.05,34.76,87.74,87.0,104.39,3.816612820623488,4.394819456472634,4.671987359025408,4.691806492647638,3.576829950305313,4.4857107459507635,4.477336814478207,4.657667754945845
Jawa Barat,Kota Bogor,45.11,82.18,102.64,97.37,30.25,99.08,95.84,102.07,3.8310298462186143,4.421006934314765,4.640923355693909,4.588735879524666,3.4420193761824107,4.605969866158656,4.573060132069858,4.635408369048701
Jawa Barat,Kota Cimahi,30.43,43.73,105.12,100.61,15.02,112.71,116.27,107.4,3.447762850809476,3.8006444174447567,4.664570529269539,4.62114195549779,2.7738379416402132,4.7336513476366315,4.764478968472973,4.685828089005546
Jawa Barat,Kota Cirebon,36.55,57.75,101.71,102.63,14.95,98.98,105.59,99.15,3.6256733782101436,4.073291153024268,4.631909483177713,4.640826863196126,2.7694588292308535,4.604970165985424,4.668989698701045,4.606669062111827
Jawa Barat,Kota Depok,46.2,85.9,112.51,102.23,38.42,109.89,112.33,104.04,3.8543938925915096,4.464758032271346,4.731890938767248,4.636959508477498,3.674273301724574,4.708538718965125,4.730303916744857,4.65434122999454
Jawa Barat,Kota Sukabumi,32.36,48.77,110.87,110.39,5.55,116.71,119.21,101.63,3.507357577490546,3.9074123928704627,4.717337482858839,4.713037556857098,1.8794650496471605,4.768223972424389,4.7892402133161625,4.631130287657623
Jawa Barat,Kota Tasikmalaya,21.44,27.3,108.4,104.31,9.72,113.1,105.41,101.02,3.110845080654496,3.342861804649192,4.695010889987881,4.656908381392506,2.372111155642656,4.73707525686803,4.6672995574536404,4.625168872494781
Jawa Tengah,Kab. Banjarnegara,15.57,18.64,101.76,96.94,3.81,106.91,107.79,101.0,2.8075938314384716,2.97756830292632,4.632396172241683,4.584355046274172,1.5706970841176697,4.681297546375642,4.689419418432991,4.624972813284271
Jawa Tengah,Kab. Banyumas,24.44,32.48,98.39,96.95,8.49,96.13,80.92,100.07,3.2363227384719213,3.5109482456212744,4.599051504979914,4.58445714439055,2.2502386126218363,4.5760502874142395,4.4057431612911975,4.615813346086571
Jawa Tengah,Kab. Batang,18.13,22.16,101.93,98.74,8.1,109.24,114.51,99.62,2.9512577834521614,3.1424266527047946,4.6340491455384685,4.602566800117977,2.2082744135228043,4.7026598072653485,4.749357106300589,4.611351045063173
Jawa Tengah,Kab. Blora,14.83,17.41,106.31,103.3,2.95,117.75,117.44,97.18,2.761906873892921,2.9128939952449864,4.675721841939036,4.647271362006727,1.3737155789130306,4.7770204429147505,4.774406503233391,4.586802528629907
Jawa Tengah,Kab. Boyolali,20.23,25.45,105.8,103.89,7.47,116.71,110.43,99.57,3.055415275715165,3.2752561583043085,4.6709579265260945,4.652912181973512,2.136530508663963,4.768223972424389,4.713396591058963,4.610854002456389
Jawa Tengah,Kab. Brebes,15.61,18.6,101.66,94.56,5.85,100.86,102.61,97.2,2.8100049236252036,2.975529566236472,4.631422557132157,4.559754322457609,1.9242486522741338,4.623599321456458,4.640633850263661,4.58700621536042
Jawa Tengah,Kab. Cilacap,22.11,28.63,100.62,97.77,8.52,101.44,101.76,100.71,3.1402654242862895,3.388787361585474,4.621240366165586,4.592793914920036,2.253394848803274,4.629277261331325,4.632396172241683,4.622125626637505
Jawa Tengah,Kab. Demak,21.02,26.79,100.98,97.19,8.04,110.03,113.79,100.27,3.091951131294534,3.3246762437544124,4.62477671562701,4.586904377181199,2.201659174404085,4.709800435066175,4.743104372077405,4.617790217344194
Jawa Tengah,Kab. Grobogan,16.21,19.41,104.17,101.96,6.19,117.68,127.32,99.79,2.845490610223448,3.0160249768217535,4.655578088531937,4.634340563287871,1.9726911717329554,4.7764307954226215,4.8545271441182045,4.613039144366787
Jawa Tengah,Kab. Jepara,19.04,23.57,98.03,96.6,7.71,89.08,77.14,103.77,2.997730276216664,3.201526186533088,4.5954228345332115,4.580877493419047,2.1644717908644115,4.50069816439138,4.358502089626924,4.651767471364874
Jawa Tengah,Kab. Karanganyar,19.59,24.45,104.78,102.5,10.46,115.41,125.25,101.94,3.0248055210396982,3.2367157429965316,4.6613614656378335,4.639571612705423,2.4388627112865935,4.75711844226015,4.838264068155469,4.6341462942246086
Jawa Tengah,Kab. Kebumen,15.98,19.03,103.4,102.65,4.73,107.19,110.51,102.62,2.8320361808832013,2.997231149677727,4.648229675448539,4.641019838881789,1.7457155307266483,4.683888940699482,4.7141142729772705,4.640730361386642
Jawa Tengah,Kab. Kendal,22.17,28.61,98.75,96.2,12.16,90.47,90.58,100.9,3.142858338444285,3.3881121421135,4.602667055769973,4.576770711466393,2.5771819258971713,4.516011049668273,4.5172129072289495,4.623991940228679
Jawa Tengah,Kab. Klaten,12.69,14.62,105.45,100.95,6.2,111.86,131.07,106.39,2.6166656393003573,2.7485521444115397,4.667675391339489,4.624482497020464,1.9740810260220096,4.726148112540994,4.883332085055713,4.676467067870125
Jawa Tengah,Kab. Kudus,22.07,28.34,110.61,106.24,8.07,116.92,106.54,104.77,3.138533072185662,3.3789517727148355,4.715010651667623,4.675069313367758,2.2049722641270453,4.770006428441026,4.6778628713815325,4.6612669253399615
Jawa Tengah,Kab. Magelang,18.09,22.28,103.79,98.77,7.37,107.55,115.72,104.44,2.949164637737656,3.147594622863237,4.65195834748685,4.602867536925416,2.124653884501384,4.6872108963243,4.7597779042145305,4.658142070754197
Jawa Tengah,Kab. Pati,15.99,19.04,104.73,99.92,5.68,125.21,131.06,97.81,2.8326249356838407,2.997730276216664,4.660888674744435,4.614328123772857,1.8991179875485542,4.837947186270539,4.883256364766425,4.593198814206872
Jawa Tengah,Kab. Pekalongan,15.55,18.92,99.73,98.8,5.0,83.96,98.66,99.11,2.806386101823072,2.991724252156452,4.612443669954589,4.603168183317418,1.791759469228055,4.442180557493629,4.601764392853259,4.606269581431392
Jawa Tengah,Kab. Pemalang,12.16,14.16,100.0,96.44,4.52,99.08,118.83,98.72,2.5771819258971713,2.7186603802142257,4.61512051684126,4.579236803961587,1.7083778602890038,4.605969866158656,4.786074071694426,4.6023662586553575
Jawa Tengah,Kab. Purbalingga,16.5,19.88,102.86,99.51,3.86,113.33,103.29,100.1,2.8622008809294686,3.038791763014438,4.6430438384161725,4.610257225036649,1.5810384379124023,4.739089003553879,4.6471754801331215,4.616110126026426
Jawa Tengah,Kab. Purworejo,16.84,20.26,99.05,95.77,4.53,92.62,109.8,101.18,2.8814431271518632,3.056827372913802,4.605670061029742,4.572337028892851,1.7101878155342434,4.539244035871924,4.707726774313183,4.626735963902652
Jawa Tengah,Kab. Rembang,18.05,22.05,97.92,94.67,6.04,90.66,73.74,101.78,2.94706710157271,3.1376657694426577,4.594311442653216,4.560904769690076,1.951608170169951,4.518086079080978,4.314015424057338,4.632590781564083
Jawa Tengah,Kab. Semarang,22.15,28.45,98.02,94.9,10.6,88.63,86.82,101.26,3.1419947805322432,3.3826939100975957,4.595321849933277,4.563305981889393,2.451005098112319,4.4956900853692705,4.475289265133571,4.627518589651853
Jawa Tengah,Kab. Sragen,17.63,21.45,106.54,101.1,6.22,111.2,136.53,108.74,2.924773184613497,3.1112906141882632,4.6778628713815325,4.625952725170619,1.9768549529047348,4.720282993088596,4.9238420751266165,4.69811393163083
Jawa Tengah,Kab. Sukoharjo,24.86,33.11,111.48,98.77,14.91,146.09,170.21,103.45,3.2526973733437115,3.5295905964305545,4.722775428062355,4.602867536925416,2.7669478423496954,4.991044644331252,5.142890873216727,4.648708488002574
Jawa Tengah,Kab. Tegal,19.67,24.6,100.45,96.43,6.87,96.91,86.66,101.18,3.028683373693677,3.242592351485517,4.619566066271823,4.57913417143725,2.063058062429312,4.5840486893659795,4.473465694990663,4.626735963902652
Jawa Tengah,Kab. Temanggung,17.48,21.18,106.48,100.86,3.98,115.33,114.63,101.92,2.916689066213538,3.099190981922221,4.6773047837472905,4.623599321456458,1.6054298910365616,4.756430979828675,4.75039543814087,4.6339519874135435
Jawa Tengah,Kab. Wonogiri,11.48,12.98,102.45,97.43,3.05,112.32,129.93,98.71,2.5241273629412815,2.637627736805664,4.639088404191552,4.58934563564112,1.3987168811184478,4.730215674962316,4.874662829239662,4.602265972840701
Jawa Tengah,Kab. Wonosobo,12.98,15.34,102.17,101.33,3.18,109.72,118.5,102.37,2.637627736805664,2.7936160894318567,4.6363781131122845,4.628202885098664,1.430311246536665,4.707004491869359,4.783316371371566,4.638314784580394
Jawa Tengah,Kota Magelang,32.06,47.33,107.23,100.69,5.73,116.89,134.36,100.7,3.498324092392878,3.8780524858569927,4.684258592307055,4.621928969803046,1.9065751436566365,4.769751986304036,4.907937895857914,4.622027303054514
Jawa Tengah,Kota Pekalongan,25.61,34.5,106.26,102.33,11.22,109.36,116.08,100.33,3.281287084989598,3.56953269648137,4.675255793554779,4.637927750226264,2.503073953743449,4.703747749349085,4.762857461823685,4.618382517460226
Jawa Tengah,Kota Salatiga,28.82,40.5,108.92,103.75,8.37,125.46,126.1,102.79,3.3951793093365925,3.7256934272366524,4.699752828474039,4.6515765588022475,2.2375130962503307,4.839926052630467,4.844974178195408,4.642369626977198
Jawa Tengah,Kota Semarang,52.97,112.61,110.86,107.16,39.84,98.93,97.39,99.77,3.9884283366305513,4.732771530581813,4.717248089393442,4.683611612294654,3.7096619932964647,4.604469940873698,4.588939172877674,4.612840692292311
Jawa Tengah,Kota Surakarta,34.55,52.83,94.43,89.09,22.18,83.75,84.43,105.94,3.5709401562492498,3.985830932572866,4.558392994429163,4.500809170663349,3.1432898379116057,4.43970574626056,4.447697327163527,4.672267929520586
Jawa Tengah,Kota Tegal,32.01,47.08,94.81,87.74,11.09,80.92,87.87,102.17,3.4968105458651015,3.872866290226952,4.562367063662782,4.4857107459507635,2.492378664626701,4.4057431612911975,4.487174627750384,4.6363781131122845
Jawa Timur,Kab. Bangkalan,17.13,20.67,102.02,97.67,2.88,131.43,107.16,99.69,2.8975680247667595,3.075928815548268,4.634923144137439,4.591780948869076,1.355835153635182,4.8860542039388735,4.683611612294654,4.612046489927524
Jawa Timur,Kab. Banyuwangi,16.82,20.61,106.25,111.89,8.37,98.74,115.48,107.19,2.8803214220426634,3.0731561705187946,4.675162557808126,4.726413893273455,2.2375130962503307,4.602566800117977,4.757719584448376,4.683888940699482
Jawa Timur,Kab. Blitar,16.36,19.56,104.48,99.65,5.11,107.38,98.33,104.1,2.854168709232204,3.0233474405869645,4.658521361485086,4.611649152085801,1.809926773183504,4.685643570137968,4.598447640227264,4.6549122778829055
Jawa Timur,Kab. Bojonegoro,14.55,17.29,115.28,91.02,2.81,97.28,123.11,105.51,2.744060638625243,2.906354462402774,4.756001075690675,4.522005944727322,1.3376291891386096,4.587820547652979,4.82116826914143,4.6682388774550745
Jawa Timur,Kab. Bondowoso,10.6,12.1,101.58,98.31,2.18,95.99,90.13,101.41,2.451005098112319,2.5726122302071057,4.630642981961122,4.598246270915268,1.1568811967920856,4.574607880405451,4.5122870585080355,4.628984364087346
Jawa Timur,Kab. Gresik,34.28,52.24,88.11,83.67,23.22,72.69,84.38,100.07,3.5633162311385904,3.974809993526911,4.4898715616246285,4.438761347654186,3.1871787381249463,4.299867104778908,4.447111881329816,4.615813346086571
Jawa Timur,Kab. Jember,19.32,23.95,100.88,90.05,7.28,89.75,83.21,96.08,3.011605622710281,3.2168738221975275,4.623795650111256,4.511408806173617,2.1138429683971682,4.5081084731449605,4.433313679041901,4.5755353808584
Jawa Timur,Kab. Jombang,21.19,26.88,108.03,100.12,6.27,117.49,125.8,99.19,3.0996417369445024,3.327909585892323,4.69162307371829,4.6163079303985475,1.9837562915454279,4.7748285688286485,4.842611042003125,4.607068383271171
Jawa Timur,Kab. Kediri,20.11,25.17,111.35,97.23,8.5,127.12,111.7,103.97,3.0497468618602293,3.2646137165420543,4.721618998631338,4.5873116676867784,2.2512917986064953,4.852967324740957,4.724729421045731,4.653674595047707
Jawa Timur,Kab. Lamongan,16.47,19.73,99.18,99.41,4.99,107.04,104.49,98.51,2.8604851241459652,3.0315819264476884,4.606968567929471,4.609261803891345,1.7900914121273581,4.682501528924415,4.658616161693717,4.600258141627071
Jawa Timur,Kab. Lumajang,15.91,18.95,103.99,89.98,4.84,102.2,86.75,98.2,2.827905162910489,2.9932291433358724,4.65386510752685,4.510639702141858,1.7647307968401356,4.636668853047462,4.4744918623459755,4.597138014290827
Jawa Timur,Kab. Madiun,15.44,18.32,105.46,101.59,4.79,115.51,114.91,101.01,2.7997173896280336,2.961140828784372,4.667769327744611,4.630740462099621,1.7561322915849038,4.757977106231849,4.752814027900653,4.625070847694428
Jawa Timur,Kab. Magetan,12.19,14.13,105.27,99.88,3.69,101.31,108.43,103.65,2.579458966729223,2.7166795278002644,4.6659830253846035,4.613931691656664,1.545432582458188,4.6280074198908485,4.695285075430352,4.650621448892009
Jawa Timur,Kab. Malang,19.17,25.9,100.05,90.8,10.38,81.8,95.27,98.37,3.0041963519661206,3.292126286607793,4.61561544384963,4.519612297626445,2.431857428698185,4.416428061391214,4.567156743789875,4.598850257243272
Jawa Timur,Kab. Mojokerto,25.15,33.61,104.08,100.33,14.17,103.68,93.39,104.08,3.263849190510932,3.544142657647253,4.654721964817339,4.618382517460226,2.719319793360441,4.650908077661946,4.547435135336853,4.654721964817339
Jawa Timur,Kab. Nganjuk,14.98,18.01,116.71,105.07,5.56,112.42,126.22,100.6,2.7713379403381286,2.944965156500338,4.768223972424389,4.664099253517379,1.8809906029559975,4.731097742585882,4.845917871250658,4.6210435351443815
Jawa Timur,Kab. Ngawi,12.8,14.75,100.61,97.76,3.94,111.89,120.95,101.57,2.624668592163159,2.7568403652716422,4.62114195549779,4.592692664476979,1.597365331199831,4.726413893273455,4.80361112466193,4.630545492319319
Jawa Timur,Kab. Pacitan,12.48,14.27,104.39,107.12,2.54,107.14,108.33,103.58,2.601207105484161,2.725890119230541,4.657667754945845,4.683241721408247,1.264126727145683,4.683426683953859,4.694370831446394,4.649952328759984
Jawa Timur,Kab. Pamekasan,14.97,17.61,104.47,92.71,2.65,123.65,101.33,99.76,2.770711962226921,2.9236990706541595,4.658426552288523,4.540204907135732,1.2947271675944,4.825509809969567,4.628202885098664,4.61274145148441
Jawa Timur,Kab. Pasuruan,22.56,29.88,104.09,95.42,13.76,121.26,116.93,102.04,3.159550358783386,3.4301087251565754,4.654817125877505,4.568713648977476,2.6919208191723265,4.80614992460058,4.770091228101879,4.635117262356044
Jawa Timur,Kab. Ponorogo,15.65,18.58,102.65,97.04,5.5,117.06,132.43,107.05,2.812410216426453,2.9745086371023644,4.641019838881789,4.585375558659912,1.8718021769015913,4.771192969812543,4.893576995754329,4.682594082952895
Jawa Timur,Kab. Probolinggo,13.06,15.04,106.72,100.36,3.87,117.09,128.67,103.34,2.643333886382519,2.7750856024383683,4.679535267943399,4.618678536012884,1.5830939370944985,4.77144704561319,4.864992761560793,4.647654797594247
Jawa Timur,Kab. Sampang,16.49,19.75,107.62,102.25,1.83,173.66,107.22,99.41,2.8616292890305104,3.0325462466767075,4.687855552606699,4.637153231841142,1.0402767116551463,5.162841226985587,4.684166192214589,4.609261803891345
Jawa Timur,Kab. Sidoarjo,40.85,69.15,105.41,95.99,25.95,105.98,115.28,99.63,3.7340917969354845,4.25063580654847,4.6672995574536404,4.574607880405451,3.2939832973550063,4.672641901103104,4.756001075690675,4.611450423945242
Jawa Timur,Kab. Situbondo,14.66,17.18,104.33,99.28,3.3,94.61,89.51,104.7,2.751109690562657,2.900322088749333,4.6570982788484505,4.607966273290093,1.4586150226995167,4.560277417097355,4.505460341839079,4.660604892876192
Jawa Timur,Kab. Sumenep,11.55,13.14,106.8,98.68,1.85,122.51,127.43,100.47,2.529720665577793,2.6490076604684267,4.680277658474897,4.601965055039143,1.0473189942805592,4.816322124449923,4.855384008824965,4.6197631882909915
Jawa Timur,Kab. Trenggalek,14.21,16.64,103.86,104.02,2.95,95.49,126.82,103.15,2.7219531062712017,2.8701690505786455,4.652626127144386,4.654150808209713,1.3737155789130306,4.569439376032292,4.850623024222136,4.645832167706981
Jawa Timur,Kab. Tuban,20.32,25.51,109.47,111.67,10.66,110.93,103.85,106.62,3.0596455992976437,3.277522020300934,4.704743990884184,4.724463192176074,2.4561641809223462,4.717873675901176,4.652530757347929,4.678606504061274
Jawa Timur,Kab. Tulungagung,25.31,33.89,110.39,106.62,4.88,127.49,115.22,102.59,3.269949095052201,3.5522002551986827,4.713037556857098,4.678606504061274,1.7715567619105355,4.855851080295389,4.755484946646959,4.640440800070011
Jawa Timur,Kota Batu,21.21,27.19,103.92,99.92,19.43,88.91,95.3,105.99,3.100542637906336,3.338967305126021,4.653198154998673,4.614328123772857,3.0170044088295307,4.498809169996681,4.56746831880408,4.672735372150515
Jawa Timur,Kota Blitar,18.48,22.94,102.34,93.91,6.07,93.32,124.88,103.25,2.969388298214389,3.1755507001298273,4.638024522859038,4.5529290741424004,1.9558604799084813,4.546693256229116,4.835329072196206,4.646791860678911
Jawa Timur,Kota Kediri,23.76,31.16,107.19,89.79,9.45,111.25,112.32,105.98,3.2092294478163956,3.4707234443107655,4.683888940699482,4.508549147383666,2.34660197841082,4.720728526622364,4.730215674962316,4.672641901103104
Jawa Timur,Kota Madiun,22.87,29.64,104.35,94.61,10.16,100.16,123.38,106.92,3.1726224403507386,3.4223063448723905,4.6572881402501976,4.560277417097355,2.412335956953165,4.616703421801764,4.823341395675743,4.6813902118995
Jawa Timur,Kota Malang,33.78,51.02,91.53,92.35,26.03,67.18,61.04,110.74,3.549042508926137,3.9516282600205055,4.527532916260939,4.536355869987732,3.2969473602883563,4.222151266709757,4.127779338308338,4.716174744031003
Jawa Timur,Kota Mojokerto,24.49,32.86,105.19,96.37,6.79,113.88,115.75,110.45,3.238286218388024,3.522234376704989,4.665229942415754,4.578518154990665,2.052840859882657,4.743888105299914,4.760034896549007,4.713576059831878
Jawa Timur,Kota Pasuruan,18.01,22.26,103.35,88.74,5.57,111.49,103.36,107.34,2.944965156500338,3.1467351470905185,4.647750633523209,4.496916600547837,1.8825138324965192,4.722864328804734,4.647846460268528,4.685274430229753
Jawa Timur,Kota Probolinggo,21.66,27.65,108.99,98.86,5.85,104.24,95.97,105.0,3.12060125559986,3.3551534431607486,4.700389452569025,4.603769205072463,1.9242486522741338,4.656243456172092,4.574401652316455,4.663439094112067
Jawa Timur,Kota Surabaya,60.09,150.58,90.57,84.42,47.51,87.51,89.03,99.36,4.112348186661675,5.021113538383883,4.517103707119641,4.44758026541332,3.8817699622571253,4.483115539980786,4.500142948120385,4.608763721498222
Kalimantan Barat,Kab. Bengkayang,6.56,7.02,101.18,100.23,1.65,106.27,82.91,104.09,2.0228711901914416,2.081938421878423,4.626735963902652,4.6173951556106605,0.9745596399981308,4.675349020609338,4.4297447958819784,4.654817125877505
Kalimantan Barat,Kab. Kapuas Hulu,4.26,4.48,106.5,104.45,1.06,105.01,101.07,99.29,1.6601310267496185,1.7011051009599243,4.677490847567717,4.658236906924784,0.7227059828014898,4.663533429285006,4.625658852415407,4.608065989100117
Kalimantan Barat,Kab. Kayong Utara,6.03,6.42,108.76,107.73,0.81,167.37,105.89,102.6,1.9501867058225735,2.004179057179289,4.6982961639775755,4.6888677450096585,0.5933268452777344,5.126163938669708,4.671800268285854,4.640537329825382
Kalimantan Barat,Kab. Ketapang,10.73,12.03,117.83,105.2,5.69,156.82,117.12,94.72,2.462149662665384,2.567254391136754,4.7776939003019345,4.665324108807838,1.900613874140137,5.061455143092889,4.771701056875722,4.561427263040173
Kalimantan Barat,Kab. Kubu Raya,10.34,11.76,103.46,91.63,8.74,95.42,108.52,92.18,2.428336298299606,2.546315277916644,4.6488042230081525,4.5286130632659365,2.2762411176544437,4.568713648977476,4.696107180980193,4.5345331063886505
Kalimantan Barat,Kab. Landak,4.68,5.0,102.75,97.87,1.72,63.98,53.16,101.99,1.7369512327330598,1.791759469228055,4.641984159110808,4.593805855909042,1.000631880307906,4.174079530240954,3.9919426286040194,4.63463189613771
Kalimantan Barat,Kab. Melawi,3.31,3.45,110.8,104.82,1.57,63.42,59.33,96.88,1.4609379041156565,1.4929040961781488,4.716711560720999,4.661739537475985,0.9439058989071285,4.165424143903053,4.09982949245267,4.583742238574471
Kalimantan Barat,Kab. Mempawah,13.89,16.39,106.74,103.95,7.18,148.98,153.94,102.18,2.7006898466959175,2.855895328366192,4.6797209172523875,4.653484046266642,2.1016921506146558,5.010501951873243,5.043037945203756,4.636475035816504
Kalimantan Barat,Kab. Sambas,12.36,14.4,100.34,100.88,4.23,97.72,79.23,101.11,2.5922651681085,2.7343675094195836,4.618481200047763,4.623795650111256,1.6544112780768316,4.592287560157078,4.3848975097655645,4.6260506635674465
Kalimantan Barat,Kab. Sanggau,8.43,9.2,110.61,97.51,3.47,113.1,140.71,97.82,2.2438960966453663,2.322387720290225,4.715010651667623,4.590158065867588,1.4973884086254776,4.73707525686803,4.9537827158367795,4.593300013417604
Kalimantan Barat,Kab. Sekadau,6.51,7.02,105.41,106.02,2.97,110.29,124.4,97.36,2.0162354657760435,2.081938421878423,4.6672995574536404,4.673015732883159,1.3787660946990992,4.712139406985334,4.83150862819882,4.588634217347992
Kalimantan Barat,Kab. Sintang,8.5,9.31,104.78,97.75,2.83,98.6,75.33,95.75,2.2512917986064953,2.333114298028869,4.6613614656378335,4.592591403781231,1.3428648031925547,4.601162164590552,4.335066045810379,4.572130331909891
Kalimantan Barat,Kota Pontianak,31.64,46.56,99.02,95.97,21.15,96.17,91.89,93.86,3.4855385300959063,3.861992071822581,4.605370165990758,4.574401652316455,3.0978374964911444,4.576462021851348,4.53141599739943,4.552402120449436
Kalimantan Barat,Kota Singkawang,24.85,33.06,106.59,111.43,7.81,115.56,104.47,102.96,3.2523106009544382,3.5281236752345424,4.678327706605818,4.722330805761668,2.175887439948088,4.758406161886949,4.658426552288523,4.6440062097732895
Kalimantan Selatan,Kab. Balangan,4.7,4.95,141.74,110.87,0.5,190.51,114.05,83.04,1.7404661748405046,1.7833912195575383,4.961024793542921,4.717337482858839,0.4054651081081644,5.254940026578468,4.745366816481375,4.4312928759767996
Kalimantan Selatan,Kab. Banjar,11.03,12.51,109.26,100.54,4.65,112.44,115.56,95.8,2.4874035299865875,2.6034301519721073,4.702841213161538,4.620452809519248,1.7316555451583497,4.731274062783817,4.758406161886949,4.572646994282532
Kalimantan Selatan,Kab. Barito Kuala,6.42,6.86,109.83,109.9,1.91,139.82,110.34,103.86,2.004179057179289,2.061786606441115,4.707997495787562,4.7086288943563215,1.068153081183401,4.947482479090987,4.7125885827553615,4.652626127144386
Kalimantan Selatan,Kab. Hulu Sungai Selatan,12.18,13.88,134.03,112.25,1.04,87.5,108.79,92.41,2.578700529074361,2.700018029404946,4.905496975972951,4.7295977643631435,0.712949807856125,4.483002552013883,4.698569450246641,4.5369984058847574
Kalimantan Selatan,Kab. Hulu Sungai Tengah,15.4,18.39,118.72,93.58,1.06,164.69,118.92,89.53,2.797281334830153,2.9647574692545606,4.785155682984498,4.54944603721573,0.7227059828014898,5.1101185725812055,4.786824853794342,4.505681287487349
Kalimantan Selatan,Kab. Hulu Sungai Utara,10.88,12.21,132.86,125.22,0.93,109.01,92.11,99.25,2.474856313934499,2.580974118534234,4.896794477672496,4.838026416156094,0.6575200029167942,4.700571270751344,4.533781589900438,4.6076670661866785
Kalimantan Selatan,Kab. Kotabaru,7.62,8.28,118.2,106.43,2.67,150.41,119.26,91.2,2.154085084675602,2.2278615467981093,4.7808027546312495,4.676839472678451,1.3001916620664788,5.019991389020281,4.789656065611423,4.523960130562548
Kalimantan Selatan,Kab. Tabalong,10.69,11.99,135.23,125.0,3.85,125.3,115.43,95.56,2.458733775483977,2.5641798306825083,4.9143446337779695,4.836281906951478,1.5789787049493917,4.838660029356445,4.7572902340489245,4.570164576789276
Kalimantan Selatan,Kab. Tanah Bumbu,6.18,6.64,158.67,136.55,2.13,103.99,74.35,86.67,1.9712993830601329,2.033397603178429,5.07310918535161,4.923987487370583,1.1410330045520618,4.65386510752685,4.3221439250725044,4.473579765600494
Kalimantan Selatan,Kab. Tanah Laut,9.37,10.34,128.3,99.47,2.33,94.87,107.11,99.29,2.3389170222414357,2.428336298299606,4.8621352857778115,4.609859175474223,1.2029723039923526,4.562993107088905,4.68314922730468,4.608065989100117
Kalimantan Selatan,Kab. Tapin,6.38,6.86,89.35,103.58,1.81,99.15,137.87,109.54,1.998773638612381,2.061786606441115,4.503691017038237,4.649952328759984,1.0331844833456545,4.606669062111827,4.933538243711289,4.705377446405117
Kalimantan Selatan,Kota Banjarbaru,25.08,33.48,110.91,110.23,14.03,111.91,120.4,101.41,3.261168737058452,3.5403794457954922,4.717694976829936,4.711600129603938,2.710048203764883,4.726591041192431,4.799090878625398,4.628984364087346
Kalimantan Selatan,Kota Banjarmasin,23.66,31.12,84.7,83.58,15.62,56.67,53.45,106.7,3.2051824977361982,3.469478889078561,4.450852825603734,4.437697832044343,2.810606789427302,4.0547371076273215,3.9972828493789696,4.679349584162343
Kalimantan Tengah,Kab. Barito Selatan,5.49,5.83,99.82,100.35,1.44,81.28,80.65,99.24,1.8702625307159986,1.9213246735826988,4.6133367486544845,4.618579872898009,0.8919980393051105,4.4101280647847565,4.402441819416474,4.607567310587813
Kalimantan Tengah,Kab. Barito Timur,5.55,5.91,88.41,91.16,1.87,27.84,44.39,107.75,1.8794650496471605,1.9329696377795786,4.493232532747227,4.523526196947581,1.0543120297715298,3.3617633124167483,3.8152918164683745,4.689051669968793
Kalimantan Tengah,Kab. Barito Utara,4.18,4.41,117.9,96.03,1.1,99.58,114.73,83.9,1.6448050562713916,1.6882490928583902,4.778282803696737,4.575020209037208,0.7419373447293773,4.610953430743819,4.751259891859986,4.441474093317302
Kalimantan Tengah,Kab. Gunung Mas,3.06,3.17,99.28,97.6,1.01,42.48,24.15,106.3,1.4011829736136412,1.4279160358107101,4.607966273290093,4.591071261608589,0.6981347220709844,3.7723010622530087,3.224857896545748,4.675628649636653
Kalimantan Tengah,Kab. Kapuas,5.27,5.56,116.4,94.62,1.61,107.28,89.68,81.37,1.8357763546448294,1.8809906029559975,4.765586907393996,4.560382003197957,0.9593502213346021,4.684720464746101,4.507336825639328,4.411221292953157
Kalimantan Tengah,Kab. Katingan,6.5,6.99,103.48,94.17,4.01,86.91,108.99,102.84,2.0149030205422647,2.0781907597781832,4.648995665528121,4.555664766084252,1.6114359150967734,4.476313563863087,4.700389452569025,4.64285125295578
Kalimantan Tengah,Kab. Kotawaringin Barat,15.96,19.15,106.22,106.68,6.07,88.18,96.38,101.7,2.830857630363757,3.0032042883926917,4.674882798399391,4.679163865896418,1.9558604799084813,4.49065679919933,4.578620850754555,4.631812116934513
Kalimantan Tengah,Kab. Kotawaringin Timur,17.84,21.74,102.69,97.79,9.08,91.1,80.21,98.06,2.935982269148217,3.12412548832239,4.6414056785701865,4.592996385056383,2.3105532626432224,4.522874943261261,4.397038392294319,4.595725727160092
Kalimantan Tengah,Kab. Lamandau,6.53,6.98,110.36,100.0,1.94,90.67,70.51,99.13,2.018895041811802,2.0769384114617173,4.71276819658611,4.61512051684126,1.0784095813505903,4.518195171973685,4.2698373000603045,4.606469341719712
Kalimantan Tengah,Kab. Murung Raya,4.0,4.18,110.27,106.96,1.67,102.3,259.9,97.0,1.6094379124341003,1.6448050562713916,4.711959680169609,4.681760788149804,0.9820784724121582,4.637637376125593,5.564137192142683,4.584967478670572
Kalimantan Tengah,Kab. Pulang Pisau,10.23,11.45,113.9,112.83,7.32,184.19,162.75,103.76,2.418588768750352,2.5217206229107165,4.74406218485471,4.734706107337125,2.1186622548331173,5.221382325073914,5.098340874515361,4.651672019639511
Kalimantan Tengah,Kab. Seruyan,6.02,6.4,100.22,94.2,1.39,58.24,29.33,104.24,1.9487632180377197,2.0014800002101243,4.617296365785932,4.55597994179732,0.8712933659434192,4.081596989399598,3.41213732170049,4.656243456172092
Kalimantan Tengah,Kab. Sukamara,4.76,5.02,105.75,103.88,1.43,89.97,162.08,101.81,1.7509374747078,1.7950872593207297,4.670489652108734,4.652816839455444,0.8878912573524571,4.510529781833971,5.094240877951052,4.632882624554627
Kalimantan Tengah,Kota Palangkaraya,14.96,17.78,103.77,106.91,11.96,95.76,101.85,105.34,2.7700855920216627,2.932792473780117,4.651767471364874,4.681297546375642,2.561867690924129,4.572233685741827,4.633271616098966,4.666641508076192
Kalimantan Timur,Kab. Berau,5.89,6.29,129.18,126.63,1.99,118.59,103.76,98.03,1.9300710850255671,1.986503546020567,4.868918108144241,4.8491354529946,1.095273387402595,4.7840692259807165,4.651672019639511,4.5954228345332115
Kalimantan Timur,Kab. Kutai Barat,4.63,4.87,107.1,83.26,0.75,152.91,101.5,79.03,1.728109442151599,1.7698546338400052,4.683056724645162,4.433907256550871,0.5596157879354227,5.0363680159918625,4.629862798578463,4.382401564378955
Kalimantan Timur,Kab. Kutai Kartanegara,7.98,8.72,106.88,130.99,1.82,97.02,109.22,130.87,2.194999882314108,2.2741856184723477,4.681019498271529,4.882726162140863,1.0367368849500223,4.585171539481402,4.70247836845509,4.881816588819608
Kalimantan Timur,Kab. Kutai Timur,4.1,4.59,144.6,141.36,1.39,148.13,113.61,97.21,1.62924053973028,1.7209792871670078,4.980863135762585,4.958359060641992,0.8712933659434192,5.004818408774691,4.741535060508608,4.587108043169683
Kalimantan Timur,Kab. Mahakam Ulu,2.04,2.09,148.56,96.91,0.13,497.6,81.84,77.09,1.1118575154181303,1.128171090909654,5.007697650108913,4.5840486893659795,0.12221763272424921,6.211804171089457,4.416911036527384,4.3578620076745835
Kalimantan Timur,Kab. Paser,7.66,8.35,125.09,118.32,1.8,191.39,152.04,107.38,2.1587147225743437,2.2353763433005955,4.836995937685135,4.781808959646548,1.0296194171811583,5.259524561828881,5.030699325131997,4.685643570137968
Kalimantan Timur,Kab. Penajam Paser Utara,5.55,5.91,115.71,110.2,1.21,163.22,106.48,92.54,1.8794650496471605,1.9329696377795786,4.759692225424263,4.711330381816482,0.7929925155296614,5.101206992280643,4.6773047837472905,4.53838915229774
Kalimantan Timur,Kota Balikpapan,26.6,36.3,105.9,105.1,19.69,89.11,82.16,103.14,3.3178157727231046,3.6189933266497696,4.671893818030999,4.664382045619937,3.029650491757452,4.501031146246946,4.420766462989812,4.645736147734753
Kalimantan Timur,Kota Bontang,10.77,12.46,145.18,128.27,4.83,122.41,90.94,90.45,2.4655539212721855,2.599722324216582,4.984838739052246,4.861903240295856,1.763017000362401,4.815512145465092,4.521136190378082,4.515792374836875
Kalimantan Timur,Kota Samarinda,21.04,26.74,119.19,111.35,15.12,143.38,156.09,110.01,3.092858984284714,3.3228754148866853,4.7890738239646975,4.721618998631338,2.780060737078482,4.972448712711015,5.056818889511848,4.709620287344555
Kalimantan Utara,Kab. Bulungan,12.94,14.89,127.26,108.3,3.96,146.76,134.09,91.97,2.6347624053323777,2.7656899805486246,4.854059453720717,4.694096395182493,1.601405740736836,4.995589335890984,4.90594122298159,4.532276860467767
Kalimantan Utara,Kab. Malinau,3.71,3.86,114.11,89.1,0.69,150.66,114.94,86.32,1.5496879080283263,1.5810384379124023,4.74588819292697,4.500920164614292,0.5247285289349821,5.02164117327279,4.753072815911587,4.4695795316817435
Kalimantan Utara,Kab. Nunukan,10.88,12.29,119.45,104.89,5.43,190.99,480.36,89.41,2.474856313934499,2.587011872725154,4.79123472906088,4.662400819442363,1.860974538249528,5.257443287338065,6.176615430912096,4.504354880749275
Kalimantan Utara,Kab. Tana Tidung,2.46,2.52,120.2,100.99,0.72,156.94,206.51,87.29,1.2412685890696329,1.2584609896100056,4.797442073635214,4.624874769262426,0.5423242908253617,5.062215214069435,5.335179531280603,4.480626850913491
Kalimantan Utara,Kota Tarakan,15.06,17.79,107.01,108.9,7.46,108.83,107.01,108.92,2.7763317085186157,2.933324813425374,4.682223815430383,4.699570861409576,2.135349173618132,4.698933715800255,4.682223815430383,4.699752828474039
Kepulauan Bangka Belitung,Kab. Bangka,14.34,16.74,97.21,93.21,5.72,109.07,106.84,109.3,2.73046379593911,2.8758219768814333,4.587108043169683,4.545526333060576,1.9050881545350582,4.701116527035301,4.680648647163997,4.703203926259457
Kepulauan Bangka Belitung,Kab. Bangka Barat,7.41,8.1,108.87,99.76,2.74,102.18,90.91,105.23,2.1294214739848565,2.2082744135228043,4.699297848712789,4.61274145148441,1.3190856114264407,4.636475035816504,4.5208098373700185,4.665606554791922
Kepulauan Bangka Belitung,Kab. Bangka Selatan,6.66,7.2,102.38,107.89,2.87,99.97,68.66,109.55,2.0360119837525,2.1041341542702074,4.638411519767893,4.69033819835797,1.3532545070416904,4.614823443016229,4.243626264937855,4.705467907303455
Kepulauan Bangka Belitung,Kab. Bangka Tengah,11.05,12.55,111.84,105.44,5.58,97.78,82.89,103.63,2.489064659936664,2.60638654732571,4.725970886133796,4.667581446109488,1.884034745337226,4.592895155112479,4.429506416858203,4.6504303173929555
Kepulauan Bangka Belitung,Kab. Belitung,16.7,20.28,111.45,100.57,8.42,131.78,118.11,99.2,2.8735646395797834,3.0577676644734435,4.722508678405324,4.6207482159514095,2.2428350885882717,4.888693623291013,4.78004743589281,4.607168188650764
Kepulauan Bangka Belitung,Kab. Belitung Timur,11.76,13.47,107.49,97.36,6.05,95.95,80.25,101.8,2.546315277916644,2.6720775406433925,4.686658002834359,4.588634217347992,1.9530276168241774,4.574195381688661,4.3975308212098465,4.632785353021065
Kepulauan Bangka Belitung,Kota Pangkal Pinang,18.95,23.56,112.76,113.87,12.05,116.11,110.35,105.76,2.9932291433358724,3.2011191032789417,4.73409096605493,4.743801054157313,2.5687881337687024,4.763113664054046,4.712678393703377,4.670583324536324
Kepulauan Riau,Kab. Bintan,24.85,33.2,98.96,95.5,19.79,89.32,86.06,100.38,3.2523106009544382,3.5322256440685598,4.604770105966751,4.56954300834494,3.0344721018699214,4.503358919841406,4.4665975361241514,4.6188758330442035
Kepulauan Riau,Kab. Karimun,30.27,43.64,99.9,92.2,23.35,93.11,120.19,100.77,3.44265917146975,3.7986303180730556,4.6141299273595635,4.534747721691546,3.192531849528599,4.544464310870697,4.797359561980396,4.62271536520384
Kepulauan Riau,Kab. Kepulauan Anambas,2.7,2.79,85.98,77.69,1.63,68.92,72.3,98.19,1.308332819650179,1.332366019094335,4.465678207169493,4.365516082546892,0.9669838461896731,4.24735173134728,4.294560608892605,4.597037202757902
Kepulauan Riau,Kab. Lingga,5.13,5.45,101.02,103.98,2.76,71.73,63.01,113.33,1.81319474994812,1.864080130807681,4.625168872494781,4.653769855824153,1.324418957401803,4.286753954166449,4.159039321153912,4.739089003553879
Kepulauan Riau,Kab. Natuna,6.85,7.4,126.37,110.26,4.11,177.5,368.89,88.08,2.060513531794317,2.128231705849268,4.8470962366016686,4.711869804647147,1.631199404215613,5.184588601219693,5.913205664139371,4.489534842389167
Kepulauan Riau,Kota Batam,49.27,97.7,96.5,92.24,39.51,92.22,91.26,98.04,3.917408477704484,4.592084946439436,4.579852378003801,4.535176814167556,3.701548857214599,4.534962290944595,4.524610678129674,4.595523808936286
Kepulauan Riau,Kota Tanjung Pinang,16.7,20.29,100.69,100.88,9.54,85.79,68.78,110.13,2.8735646395797834,3.058237478905388,4.621928969803046,4.623795650111256,2.355177543113216,4.463491407656154,4.245347435758628,4.710700687197555
Lampung,Kab. Lampung Barat,6.97,7.5,101.99,100.42,1.51,104.71,103.73,99.86,2.075684492802124,2.1400661634962708,4.63463189613771,4.619270310366873,0.9202827531436926,4.660699495780571,4.651385609785055,4.6137334166485795
Lampung,Kab. Lampung Selatan,15.5,18.34,100.43,96.77,7.56,97.09,81.05,96.32,2.803360380906535,2.9621754900251482,4.619368905387905,4.5826177815175795,2.1471001901536506,4.585885424576224,4.4073288175361,4.578004517915322
Lampung,Kab. Lampung Tengah,9.02,9.93,96.86,93.45,5.06,89.02,103.05,98.35,2.3045830956567186,2.391511302188447,4.583537885860977,4.548070593947519,1.801709800081223,4.500031867864786,4.644871552839644,4.598648968997826
Lampung,Kab. Lampung Timur,9.2,10.13,98.17,93.27,3.93,92.78,107.32,98.34,2.322387720290225,2.4096441652874536,4.596835549198034,4.546163005408059,1.5953389880545987,4.5409516136614405,4.685089809163965,4.598548309679204
Lampung,Kab. Lampung Utara,6.19,6.6,94.5,90.89,2.43,70.06,92.51,97.84,1.9726911717329554,2.028148247292285,4.5591262474866845,4.5205922095127935,1.2325602611778486,4.263524590592881,4.5380683824473556,4.593502381120409
Lampung,Kab. Mesuji,9.33,10.3,104.49,98.77,3.11,119.92,99.35,102.31,2.3350522831315472,2.424802725718295,4.658616161693717,4.602867536925416,1.4134230285081433,4.795129169911258,4.608664075242347,4.637734176861354
Lampung,Kab. Pesawaran,7.26,7.83,92.94,92.34,3.37,52.19,55.58,101.23,2.1114245875328868,2.178155014615869,4.542656280598849,4.536248740521669,1.4747630091074988,3.9738704087542263,4.035655565873421,4.627225176768922
Lampung,Kab. Pesisir Barat,2.84,2.98,91.61,86.32,1.71,22.41,100.59,100.03,1.3454723665996355,1.3812818192963463,4.528397127182178,4.4695795316817435,0.9969486348916096,3.1531632815028194,4.620945105103454,4.615417502439641
Lampung,Kab. Pringsewu,11.66,13.2,99.74,98.17,3.58,107.18,88.19,100.71,2.5384474167160302,2.653241964607215,4.612542940317504,4.596835549198034,1.5216989981260935,4.683796506443281,4.490768925678116,4.622125626637505
Lampung,Kab. Tanggamus,3.43,3.63,83.37,83.78,1.52,51.06,118.46,100.44,1.4883995840570443,1.5325568680981427,4.435211888177536,4.440059665924491,0.9242589015233319,3.9523968995664194,4.7829815873041595,4.6194674906889155
Lampung,Kab. Tulang Bawang,9.83,10.9,91.29,92.2,3.0,91.28,81.8,102.18,2.382320061012899,2.4765384001174837,4.524935793277486,4.534747721691546,1.3862943611198906,4.524827433305553,4.416428061391214,4.636475035816504
Lampung,Kab. Tulang Bawang Barat,5.97,6.35,99.55,94.59,3.1,105.41,103.19,92.1,1.9416152247724325,1.9947003132247452,4.610655116218661,4.560068212075671,1.410986973710262,4.6672995574536404,4.646216155424092,4.533674184283021
Lampung,Kab. Way Kanan,5.95,6.33,100.28,100.77,1.71,95.96,105.86,100.9,1.9387416595767009,1.9919755158985601,4.617888958395866,4.62271536520384,0.9969486348916096,4.574298522321004,4.671519566529625,4.623991940228679
Lampung,Kota Bandar Lampung,30.21,43.28,95.93,96.32,23.78,86.83,105.14,99.04,3.440738556282688,3.790533107840436,4.573989068504517,4.578004517915322,3.2100368762009963,4.475403127929026,4.664758977399749,4.605570106009418
Lampung,Kota Metro,29.53,41.9,106.7,107.67,4.29,120.86,105.48,102.14,3.4187098067467865,3.758871825933971,4.679349584162343,4.68831576707476,1.665818245870208,4.802872844820349,4.667957174086856,4.636087288622813
Maluku,Kab. Buru,3.95,4.15,96.1,94.08,1.62,77.04,78.33,97.75,1.599387576580599,1.6389967146756448,4.575741375297279,4.554718642491993,0.9631743177730056,4.357221515754911,4.373616367313912,4.592591403781231
Maluku,Kab. Buru Selatan,2.87,2.98,98.97,92.07,0.72,52.73,71.47,96.06,1.3532545070416904,1.3812818192963463,4.60487014097909,4.533351898197619,0.5423242908253617,3.98397150474073,4.28317268312119,4.57532934397707
Maluku,Kab. Kepulauan Aru,3.5,3.65,93.93,91.57,0.69,49.97,92.86,99.12,1.5040773967762742,1.536867219599265,4.5531397778937075,4.52796511507912,0.5247285289349821,3.93123722435195,4.541804310366271,4.6063694665635735
Maluku,Kab. Kepulauan Tanimbar,2.86,2.97,96.06,85.92,0.72,80.79,59.16,93.23,1.3506671834767394,1.3787660946990992,4.57532934397707,4.464988155388229,0.5423242908253617,4.4041549867468825,4.097007679641584,4.545738602218665
Maluku,Kab. Maluku Barat Daya,5.25,5.58,89.3,89.68,2.42,30.53,31.13,105.33,1.8325814637483102,1.884034745337226,4.5031374604229395,4.507336825639328,1.2296405510745139,3.4509394735569696,3.469790173127767,4.666547465662995
Maluku,Kab. Maluku Tengah,5.02,5.34,94.75,92.9,1.65,66.33,93.09,99.5,1.7950872593207297,1.8468787684491346,4.561740628060756,4.542230386214217,0.9745596399981308,4.20960590255719,4.544251771018675,4.61015772749913
Maluku,Kab. Maluku Tenggara,4.92,5.31,97.08,92.51,1.12,76.03,34.95,93.02,1.7783364488959144,1.8421356765531218,4.585783472187901,4.5380683824473556,0.7514160886839212,4.344194956364874,3.5821290841670557,4.5435075255959845
Maluku,Kab. Seram Bagian Barat,2.2,2.32,100.65,88.72,0.96,79.92,104.06,91.16,1.1631508098056809,1.199964782928397,4.621535540074356,4.496693709652008,0.6729444732424258,4.393461012299545,4.654531615525816,4.523526196947581
Maluku,Kab. Seram Bagian Timur,1.72,1.78,103.86,104.29,0.72,114.09,113.99,100.42,1.000631880307906,1.0224509277025458,4.652626127144386,4.656718447868668,0.5423242908253617,4.745714430980399,4.744845168060573,4.619270310366873
Maluku,Kota Ambon,21.26,27.53,101.13,98.96,11.13,126.26,101.92,98.87,3.102791345847399,3.3509561652254085,4.626246511590008,4.604770105966751,2.495681722955959,4.846232237804646,4.6339519874135435,4.603869340255043
Maluku,Kota Tual,4.82,5.22,98.94,94.44,1.38,85.98,102.45,96.61,1.7613002617433464,1.827769906751088,4.604570005916059,4.55849777778966,0.8671004876833833,4.465678207169493,4.639088404191552,4.580979947186874
Maluku Utara,Kab. Halmahera Barat,3.96,4.27,87.33,87.04,0.8,26.71,87.13,103.89,1.601405740736836,1.6620303625532709,4.4810798007570405,4.477791256658261,0.5877866649021191,3.321793358874887,4.478812997111569,4.652912181973512
Maluku Utara,Kab. Halmahera Selatan,10.63,11.96,101.87,104.24,7.24,116.36,198.37,99.94,2.453587966530573,2.561867690924129,4.6334660551429385,4.656243456172092,2.1090003439213802,4.765246133834726,5.295162394854736,4.614526280912116
Maluku Utara,Kab. Halmahera Tengah,11.89,13.54,90.22,80.4,2.94,64.24,32.89,89.11,2.556451816951096,2.6769034721053733,4.5132741712835545,4.399375273008495,1.3711807233098425,4.178072777752813,3.52311998561896,4.501031146246946
Maluku Utara,Kab. Halmahera Timur,3.63,3.78,95.11,95.69,1.52,36.18,120.77,113.81,1.5325568680981427,1.5644405465033646,4.565493368835193,4.5715099844954565,0.9242589015233319,3.6157709822932977,4.802134019518916,4.743278588105721
Maluku Utara,Kab. Halmahera Utara,11.03,12.54,86.51,84.33,2.11,94.16,46.76,100.49,2.4874035299865875,2.605648267484129,4.47175307254774,4.446526092548494,1.1346227261911428,4.555559685434757,3.8661884690843467,4.619960271460727
Maluku Utara,Kab. Kepulauan Sula,2.69,2.78,100.18,103.39,0.97,86.7,92.91,106.81,1.3056264580524357,1.3297240096314962,4.61690110886379,4.648133885420207,0.6780335427498971,4.473921899378137,4.542336876816522,4.680370418551027
Maluku Utara,Kab. Pulau Morotai,3.48,3.6,94.01,87.31,0.67,35.38,16.22,98.29,1.4996230464268938,1.5260563034950494,4.553982149218658,4.480853351480711,0.5128236264286637,3.5940191730899764,2.8460714989995846,4.598044861045503
Maluku Utara,Kab. Pulau Taliabu,2.45,2.51,83.93,81.3,0.46,10.47,3.95,99.61,1.2383742310432684,1.2556160374777743,4.441827387791918,4.410371107683024,0.3784364357202451,2.4397349311412793,1.599387576580599,4.611251656303959
Maluku Utara,Kota Ternate,10.77,12.18,85.0,88.38,7.79,67.05,104.47,103.98,2.4655539212721855,2.578700529074361,4.454347296253507,4.492896943505305,2.1736147116970854,4.220242729097475,4.658426552288523,4.653769855824153
Maluku Utara,Kota Tidore Kepulauan,5.78,6.17,100.17,101.1,1.37,99.53,127.22,105.81,1.9139771019523042,1.969905654611529,4.616802270217799,4.625952725170619,0.8628899551470398,4.610456190417329,4.853747538559111,4.671051555101604
Nusa Tenggara Barat,Kab. Bima,8.35,9.15,99.52,97.31,0.9,95.24,69.16,99.97,2.2353763433005955,2.3174737054877963,4.610356712675391,4.588125751378833,0.6418538861723948,4.566845071666424,4.250778348063927,4.614823443016229
Nusa Tenggara Barat,Kab. Dompu,9.84,11.11,102.26,103.12,1.81,122.13,136.42,104.51,2.3832429960115,2.494031557565001,4.637250079451503,4.645544080126364,1.0331844833456545,4.81324070780478,4.92304192960293,4.658805735154001
Nusa Tenggara Barat,Kab. Lombok Barat,19.19,23.79,98.73,98.22,7.19,92.92,82.72,97.74,3.005187432324746,3.210440346047099,4.602466534413777,4.597339606872903,2.102913897864978,4.5424433560797866,4.427477897577799,4.592490132830717
Nusa Tenggara Barat,Kab. Lombok Tengah,11.52,13.31,98.58,98.53,6.46,86.21,73.48,99.25,2.5273273656719524,2.6609585935683597,4.600961341214036,4.600459106257972,2.0095554142156695,4.468319003238894,4.310530632968812,4.6076670661866785
Nusa Tenggara Barat,Kab. Lombok Timur,13.53,15.74,98.42,94.03,2.85,87.56,73.88,93.63,2.6762154775821916,2.8178010650613294,4.599353300666526,4.5541926312232235,1.3480731482996928,4.4836802884003815,4.315886832169337,4.549974550520141
Nusa Tenggara Barat,Kab. Lombok Utara,19.83,25.45,108.38,107.01,13.23,133.25,160.63,98.85,3.0363942552728806,3.2752561583043085,4.694828057918627,4.682223815430383,2.655352412101761,4.899703733388974,5.085309772421717,4.603669059861824
Nusa Tenggara Barat,Kab. Sumbawa,9.43,10.58,96.84,93.99,2.48,79.91,111.71,100.53,2.344686269012681,2.449279472144849,4.583333491378917,4.553771622902091,1.247032293786383,4.393337425819748,4.724818148253987,4.6203543213131315
Nusa Tenggara Barat,Kab. Sumbawa Barat,9.13,10.13,139.09,151.16,4.44,129.39,134.4,114.23,2.315501318260592,2.4096441652874536,4.942285073208023,5.02493259879708,1.6937790608678513,4.87052995943538,4.9082333604781745,4.746930131025923
Nusa Tenggara Barat,Kota Bima,6.65,7.22,98.75,98.93,3.0,94.16,93.07,107.35,2.0347056478384444,2.1065702090680887,4.602667055769973,4.604469940873698,1.3862943611198906,4.555559685434757,4.54403918598386,4.685366727982368
Nusa Tenggara Barat,Kota Mataram,28.46,40.54,106.09,104.39,11.19,124.92,116.13,99.14,3.3830334110344844,3.726656818447966,4.673669602412784,4.657667754945845,2.5006159434931803,4.835646784669093,4.763284429081783,4.606569206901798
Nusa Tenggara Timur,Kab. Alor,5.68,6.11,103.34,101.1,1.33,129.13,101.16,97.37,1.8991179875485542,1.9615022438151495,4.647654797594247,4.625952725170619,0.8458682675776092,4.868533950788666,4.626540211724284,4.588735879524666
Nusa Tenggara Timur,Kab. Belu,11.77,13.56,101.59,95.6,2.14,119.29,69.49,96.39,2.547098670044448,2.67827804276854,4.630740462099621,4.570578741218473,1.144222799920162,4.789905494005981,4.255470855785784,4.578723535973108
Nusa Tenggara Timur,Kab. Ende,6.09,6.57,96.08,95.08,1.53,86.08,51.11,99.55,1.958685340544036,2.0241930674493576,4.5755353808584,4.565181177771728,0.9282193027394289,4.466827236366346,3.9533568689211234,4.610655116218661
Nusa Tenggara Timur,Kab. Flores Timur,4.38,4.63,100.86,98.09,1.31,104.97,86.35,96.75,1.682688374173693,1.728109442151599,4.623599321456458,4.596028528070808,0.8372475245337022,4.663156035186745,4.469923036580066,4.582413198865475
Nusa Tenggara Timur,Kab. Kupang,5.1,5.47,97.88,91.24,2.18,73.06,89.85,96.03,1.8082887711792655,1.8671761085128091,4.59390699370938,4.524393875960803,1.1568811967920856,4.304875575485466,4.50920979484218,4.575020209037208
Nusa Tenggara Timur,Kab. Lembata,5.77,6.19,101.72,112.23,1.56,102.95,95.99,107.02,1.9125010869241836,1.9726911717329554,4.632006839941651,4.729421148325948,0.9400072584914712,4.643910014304022,4.574607880405451,4.682316395164745
Nusa Tenggara Timur,Kab. Malaka,5.07,5.4,103.37,98.06,1.16,121.94,111.93,99.13,1.803358605071407,1.8562979903656263,4.647942277831961,4.595725727160092,0.7701082216960736,4.811696431478864,4.726768157735579,4.606469341719712
Nusa Tenggara Timur,Kab. Manggarai,8.95,10.01,99.33,99.73,1.95,96.25,66.91,104.9,2.2975725511705014,2.3988039507345884,4.608464752937522,4.612443669954589,1.0818051703517284,4.577284982498556,4.2181832991257,4.662495252607361
Nusa Tenggara Timur,Kab. Manggarai Barat,16.98,20.71,93.02,88.23,12.86,74.57,83.69,94.65,2.8892600290434745,3.0777729838902004,4.5435075255959845,4.49121730591206,2.6290069937617573,4.325059379032629,4.4389975309335075,4.560695695886262
Nusa Tenggara Timur,Kab. Manggarai Timur,3.9,4.11,99.94,94.09,1.56,72.74,64.81,99.81,1.589235205116581,1.631199404215613,4.614526280912116,4.554823811551353,0.9400072584914712,4.300545392805998,4.186771802468027,4.61323755706585
Nusa Tenggara Timur,Kab. Nagekeo,4.68,4.98,98.99,92.57,0.64,83.62,64.63,94.63,1.7369512327330598,1.7884205679625405,4.605070180987758,4.5387098192878215,0.49469624183610705,4.438170645291922,4.184032908485631,4.560486578361451
Nusa Tenggara Timur,Kab. Ngada,5.91,6.33,100.02,96.97,1.05,96.07,86.33,97.9,1.9329696377795786,1.9919755158985601,4.615318517039906,4.584661309356551,0.7178397931503169,4.575432367724135,4.469694046425642,4.594109238628667
Nusa Tenggara Timur,Kab. Rote Ndao,3.78,3.97,101.01,94.14,1.78,118.47,134.06,95.56,1.5644405465033646,1.6034198401085373,4.625070847694428,4.555349491004136,1.0224509277025458,4.783065293829132,4.905719124146696,4.570164576789276
Nusa Tenggara Timur,Kab. Sabu Raijua,3.78,3.98,99.95,95.46,0.77,57.45,106.3,97.17,1.5644405465033646,1.6054298910365616,4.614625344758847,4.569128414640826,0.5709795465857378,4.068171687918078,4.675628649636653,4.58670066970443
Nusa Tenggara Timur,Kab. Sikka,9.16,10.23,96.74,83.91,2.09,99.82,67.34,98.68,2.318458442150336,2.418588768750352,4.582310891842009,4.441591872011272,1.128171090909654,4.6133367486544845,4.2244952466871455,4.601965055039143
Nusa Tenggara Timur,Kab. Sumba Barat,10.23,11.53,104.66,100.01,4.58,142.32,175.89,98.35,2.418588768750352,2.528125768907977,4.6602263917361695,4.615219521841093,1.7191887763932197,4.965079892436753,5.1755280704554165,4.598648968997826
Nusa Tenggara Timur,Kab. Sumba Barat Daya,3.01,3.16,104.61,102.65,1.3,94.92,93.62,98.13,1.3887912413184778,1.425515074273172,4.659753063758383,4.641019838881789,0.832909122935104,4.5635145107192585,4.549868870203002,4.596432120044806
Nusa Tenggara Timur,Kab. Sumba Tengah,2.39,2.51,104.16,97.28,0.88,95.42,90.23,94.78,1.220829921392359,1.2556160374777743,4.655482999861681,4.587820547652979,0.6312717768418579,4.568713648977476,4.513383790357383,4.562053894914463
Nusa Tenggara Timur,Kab. Sumba Timur,8.97,9.99,100.13,91.49,2.45,103.19,85.93,96.1,2.299580583973747,2.39698576841553,4.616406817914079,4.527100530566169,1.2383742310432684,4.646216155424092,4.465103197090973,4.575741375297279
Nusa Tenggara Timur,Kab. Timor Tengah Selatan,4.02,4.46,96.38,87.3,1.06,85.8,116.95,90.23,1.6134299337036377,1.6974487897568136,4.578620850754555,4.480740107609915,0.7227059828014898,4.463606621666305,4.770260805853684,4.513383790357383
Nusa Tenggara Timur,Kab. Timor Tengah Utara,4.9,5.23,96.08,87.79,1.16,85.36,79.36,94.7,1.7749523509116738,1.8293763327993617,4.5755353808584,4.4862740310442355,0.7701082216960736,4.458524605646606,4.386516539946734,4.5612182984589085
Nusa Tenggara Timur,Kota Kupang,16.49,20.08,97.45,95.48,10.94,88.46,102.51,97.67,2.8616292890305104,3.0483247236731614,4.589548805085134,4.5693357329788755,2.479894107964456,4.493791598004702,4.639668226395659,4.591780948869076
Papua,Kab. Biak Numfor,1.76,2.03,102.62,99.76,1.03,58.35,85.4,101.28,1.0152306797290587,1.1085626195212777,4.640730361386642,4.61274145148441,0.708035793053696,4.083452121055677,4.45898767581001,4.627714150422986
Papua,Kab. Jayapura,9.23,10.23,98.84,100.31,3.35,89.78,58.07,101.25,2.325324579963535,2.418588768750352,4.603568904621118,4.618185123065586,1.4701758451005928,4.508438997028319,4.078723181319144,4.627420794922911
Papua,Kab. Keerom,1.23,1.3,105.75,106.72,0.5,119.78,153.96,100.05,0.8020015854720274,0.832909122935104,4.670489652108734,4.679535267943399,0.4054651081081644,4.793970708879755,5.043167019098741,4.61561544384963
Papua,Kab. Kepulauan Yapen,1.77,1.9,100.83,100.57,0.54,62.44,62.04,98.8,1.0188473201992472,1.0647107369924282,4.623304756183574,4.6207482159514095,0.43178241642553783,4.150094577326593,4.143769445549624,4.603168183317418
Papua,Kab. Mamberamo Raya,0.86,0.97,103.29,105.31,0.19,106.94,52.1,103.23,0.6205764877251099,0.6780335427498971,4.6471754801331215,4.666359354300514,0.173953307123438,4.681575517190497,3.9721769282478934,4.646599995751231
Papua,Kab. Sarmi,1.59,1.69,104.14,105.77,0.38,208.44,135.55,103.23,0.9516578757114464,0.9895411936137477,4.655292795391302,4.670676988190211,0.32208349916911333,5.34443730216159,4.916690847919714,4.646599995751231
Papua,Kab. Supiori,1.55,1.63,105.16,99.47,0.3,135.07,79.85,104.77,0.9360933591703348,0.9669838461896731,4.664947390023952,4.609859175474223,0.26236426446749106,4.913169459202767,4.392595586023115,4.6612669253399615
Papua,Kab. Waropen,0.44,0.45,101.54,105.26,0.08,36.76,18.08,97.7,0.36464311358790924,0.37156355643248307,4.630252966355554,4.665888921022797,0.07696104113612832,3.6312503412773,2.9486406660201405,4.592084946439436
Papua,Kota Jayapura,17.35,21.63,101.49,103.19,14.22,105.24,102.17,103.55,2.9096295745005794,3.119276459645446,4.6297652328434715,4.646216155424092,2.7226103524335397,4.665700685728123,4.6363781131122845,4.649665425874643
Papua Barat,Kab. Fak Fak,1.58,1.63,102.32,100.6,0.63,79.44,110.37,105.3,0.9477893989335261,0.9669838461896731,4.6378309682276395,4.6210435351443815,0.48858001481867097,4.387511564904451,4.712857991405009,4.666265285347902
Papua Barat,Kab. Kaimana,2.3,2.36,101.97,89.35,0.59,120.13,114.91,94.44,1.1939224684724346,1.2119409739751128,4.63443768366866,4.503691017038237,0.4637340162321401,4.796864349028711,4.752814027900653,4.55849777778966
Papua Barat,Kab. Manokwari,6.12,6.56,103.57,103.49,3.41,81.1,85.04,97.22,1.9629077254238845,2.0228711901914416,4.649856703610498,4.649091373046019,1.4838746894587547,4.407938016458383,4.454812304399529,4.5872098606110985
Papua Barat,Kab. Manokwari Selatan,1.17,1.19,109.14,106.16,0.19,135.34,21.51,100.29,0.7747271675523681,0.7839015438284094,4.7017522838343355,4.674323044676408,0.173953307123438,4.915151765934639,3.113959654918641,4.6179876896987055
Papua Barat,Kab. Pegunungan Arfak,0.59,0.59,103.49,108.37,0.0,168.08,2.4,102.56,0.4637340162321401,0.4637340162321401,4.649091373046019,4.694736629347134,0.0,5.130371975698589,1.2237754316221157,4.640151154883337
Papua Barat,Kab. Teluk Bintuni,3.22,3.33,106.23,102.91,1.98,135.35,102.84,102.93,1.4398351280479205,1.4655675420143985,4.674976060232054,4.643525139864555,1.091923300517313,4.9152251092915975,4.64285125295578,4.6437175956003305
Papua Barat,Kab. Teluk Wondama,2.58,2.68,108.22,106.33,0.49,81.83,89.01,98.71,1.275362800412609,1.3029127521808397,4.693364196724008,4.675908200493433,0.3987761199573678,4.416790314610172,4.499920775268994,4.602265972840701
Papua Barat Daya,Kab. Maybrat,1.18,1.19,107.56,100.7,0.02,314.66,100.0,98.23,0.7793248768009976,0.7839015438284094,4.687303015526614,4.622027303054514,0.019802627296179712,5.754665684970771,4.61512051684126,4.5974403879261505
Papua Barat Daya,Kab. Raja Ampat,2.06,2.14,100.34,105.8,0.73,49.84,100.0,105.3,1.1184149159642893,1.144222799920162,4.618481200047763,4.6709579265260945,0.5481214085096876,3.928683446321253,4.61512051684126,4.666265285347902
Papua Barat Daya,Kab. Sorong,7.47,8.11,118.98,112.7,1.25,125.51,136.01,98.11,2.136530508663963,2.209372711271867,4.787325062224947,4.73356340075649,0.8109302162163288,4.840321356426578,4.920053915865017,4.596230344418617
Papua Barat Daya,Kab. Sorong Selatan,2.06,2.13,96.26,94.98,0.16,86.52,47.57,94.69,1.1184149159642893,1.1410330045520618,4.57738780497564,4.564139836430099,0.14842000511827327,4.471867338673671,3.8830060563576536,4.561113799791172
Papua Barat Daya,Kab. Tambrauw,0.67,0.68,106.82,107.02,0.05,190.77,252.39,95.55,0.5128236264286637,0.5187937934151676,4.680463170023523,4.682316395164745,0.04879016416943201,5.256296737285425,5.53492980380921,4.570061008874523
Papua Barat Daya,Kota Sorong,12.84,14.92,107.59,105.21,5.62,134.64,117.94,97.71,2.6275629501895237,2.767576180416237,4.687579322228809,4.6654182663334485,1.890095369948917,4.910004317257438,4.778619164278448,4.5921862584297966
Papua Pegunungan,Kab. Jayawijaya,4.94,5.35,103.83,100.79,1.07,300.0,141.02,108.72,1.7817091333745536,1.8484548129046001,4.6523399904644815,4.622911867464248,0.7275486072772778,5.707110264748875,4.9559678927539474,4.697931666069403
Papua Pegunungan,Kab. Lanny Jaya,0.55,0.57,100.35,99.49,0.14,75.25,43.99,101.23,0.4382549309311553,0.4510756193602167,4.618579872898009,4.610058220060867,0.1310282624064041,4.334017415487521,3.806440242853081,4.627225176768922
Papua Pegunungan,Kab. Mamberamo Tengah,0.71,0.74,103.82,95.7,0.08,239.38,52.73,102.33,0.5364933705145685,0.5538851132264376,4.65224459337402,4.571613402459248,0.07696104113612832,5.482221004524643,3.98397150474073,4.637927750226264
Papua Pegunungan,Kab. Nduga,0.64,0.66,98.44,96.99,0.06,27.1,47.08,97.56,0.49469624183610705,0.5068176023684519,4.599554447202456,4.584865432647727,0.058268908123975775,3.3357695763397,3.872866290226952,4.59066549978521
Papua Pegunungan,Kab. Pegunungan Bintang,2.31,2.37,101.32,102.34,0.0,319.93,100.0,102.27,1.1969481893889715,1.2149127443642704,4.628105157270587,4.638024522859038,0.0,5.77122303081379,4.61512051684126,4.637346917683312
Papua Pegunungan,Kab. Tolikara,0.96,0.99,102.77,99.66,0.15,138.11,72.26,102.81,0.6729444732424258,0.688134638736401,4.642176911617187,4.611748501348214,0.13976194237515868,4.935264987071479,4.294014757350668,4.642562305205154
Papua Pegunungan,Kab. Yahukimo,0.79,0.81,101.77,101.83,0.39,55.44,134.25,105.35,0.5822156198526637,0.5933268452777344,4.632493481636982,4.6330771392411,0.3293037471426004,4.033178126984613,4.907124917726591,4.666735541646246
Papua Pegunungan,Kab. Yalimo,1.06,1.09,102.65,111.6,0.5,64.89,217.86,109.43,0.7227059828014898,0.7371640659767197,4.641019838881789,4.72384171570559,0.4054651081081644,4.187986684925728,5.388432255990297,4.7043818360590395
Papua Selatan,Kab. Asmat,3.54,3.68,101.8,100.44,0.38,172.13,153.06,101.19,1.5129270120532565,1.5432981099295553,4.632785353021065,4.6194674906889155,0.32208349916911333,5.154042757390985,5.03734213692482,4.626833825624118
Papua Selatan,Kab. Boven Digoel,2.7,2.83,100.08,103.29,0.59,120.28,105.88,109.41,1.308332819650179,1.3428648031925547,4.615912282519994,4.6471754801331215,0.4637340162321401,4.7981019218940615,4.671706709788335,4.704200709451046
Papua Selatan,Kab. Mappi,3.21,3.33,105.37,109.24,0.22,803.98,131.37,103.6,1.43746264769429,1.4655675420143985,4.666923582263574,4.7026598072653485,0.1988508587451652,6.690817432389431,4.885601031725679,4.650143551630823
Papua Selatan,Kab. Merauke,8.64,9.52,102.26,105.03,3.18,127.12,154.09,100.93,2.265921108622454,2.3532782073095637,4.637250079451503,4.6637220729377065,1.430311246536665,4.852967324740957,5.044005593571361,4.624286303180321
Papua Tengah,Kab. Deiyai,9.17,10.14,111.64,110.03,0.44,870.87,112.14,94.05,2.3194422100604686,2.410542234499138,4.724196892409732,4.709800435066175,0.36464311358790924,6.770640330226262,4.72862598991501,4.554403068934438
Papua Tengah,Kab. Dogiyai,1.83,2.03,113.31,107.4,0.32,333.52,129.88,97.68,1.0402767116551463,1.1085626195212777,4.738914056037687,4.685828089005546,0.2776317365982795,5.812696668513325,4.8742808728544365,4.591882291661156
Papua Tengah,Kab. Intan Jaya,1.59,1.75,112.43,110.53,0.93,123.63,104.61,94.76,0.9516578757114464,1.0116009116784799,4.731185906570952,4.714293613006445,0.6575200029167942,4.825349347838285,4.659753063758383,4.561845061249718
Papua Tengah,Kab. Mimika,29.35,41.57,117.98,119.53,4.49,92.01,105.55,101.1,3.4127965175055075,3.751149779840061,4.7789554117597595,4.791898684600252,1.7029282555214393,4.532707014254376,4.668614358544626,4.625952725170619
Papua Tengah,Kab. Nabire,7.61,8.84,109.51,108.94,2.73,204.27,175.68,99.37,2.1529243184396396,2.286455711064162,4.705106014600691,4.699934762432514,1.3164082336557241,5.324326185729087,5.174340186728326,4.608863357825709
Papua Tengah,Kab. Paniai,1.8,1.97,109.56,107.71,0.06,248.32,137.62,98.66,1.0296194171811583,1.0885619528146082,4.70555836001936,4.6886837862159085,0.058268908123975775,5.51873721194065,4.931736376489838,4.601764392853259
Papua Tengah,Kab. Puncak,1.07,1.15,105.97,103.75,0.04,166.13,241.89,100.05,0.7275486072772778,0.7654678421395714,4.672548421318039,4.6515765588022475,0.039220713153281295,5.1187719527008335,5.492608665955218,4.61561544384963
Papua Tengah,Kab. Puncak Jaya,0.96,0.98,97.05,96.96,0.04,45.35,27.06,99.85,0.6729444732424258,0.6830968447064438,4.585477552642355,4.584559232083967,0.039220713153281295,3.836221292011864,3.3343450746743146,4.613634264400221
Riau,Kab. Bengkalis,15.28,18.04,113.06,100.67,2.64,190.37,100.56,105.12,2.789937360574394,2.9465420293632194,4.736724625728393,4.62173227428707,1.2919836816486494,5.2542087269219735,4.620649756836477,4.664570529269539
Riau,Kab. Indragiri Hilir,9.21,10.15,104.27,87.14,2.3,96.4,101.79,100.39,2.3233676321765744,2.411439497906128,4.656528478263233,4.478926459413841,1.1939224684724346,4.578826210648489,4.6326880720248305,4.618974466964488
Riau,Kab. Indragiri Hulu,6.95,7.58,124.45,108.61,3.32,95.41,101.93,104.76,2.0731719286662407,2.149433913499871,4.8319072728124315,4.696928611227632,1.463255402256019,4.568609930676289,4.6340491455384685,4.6611723761033765
Riau,Kab. Kampar,10.92,12.27,108.29,102.85,5.62,107.14,99.78,95.77,2.4782176616372036,2.5855058483441162,4.694004899688582,4.642947550322122,1.890095369948917,4.683426683953859,4.612939923252452,4.572337028892851
Riau,Kab. Kepulauan Meranti,12.26,13.98,90.06,86.41,1.41,46.91,71.18,96.81,2.5847519847577165,2.7067159780890733,4.511518629906636,4.470609692592396,0.8796267475025636,3.8693242508950307,4.279162999214643,4.5830268213024015
Riau,Kab. Kuantan Singingi,13.27,15.31,109.3,101.52,8.65,166.33,223.84,100.11,2.658159431488745,2.7917784166329227,4.703203926259457,4.630057901495871,2.2669579153508947,5.119967910506483,5.415389038133874,4.616209033103308
Riau,Kab. Pelalawan,10.65,11.93,105.88,88.79,5.69,85.38,94.8,106.3,2.4553061800117097,2.559550192783766,4.671706709788335,4.497473610532717,1.900613874140137,4.458756167532555,4.562262684976814,4.675628649636653
Riau,Kab. Rokan Hilir,6.88,7.39,100.64,97.49,3.23,74.34,74.75,99.84,2.064327903869788,2.127040520479115,4.621437158451963,4.589955020181611,1.4422019930581866,4.322011202263895,4.327438444389479,4.6135351023197195
Riau,Kab. Rokan Hulu,8.05,8.75,110.22,107.76,3.67,109.68,112.11,98.38,2.2027647577118348,2.277267285009756,4.711510221759418,4.68914361976427,1.541159071680806,4.7066431549187255,4.7283607965432894,4.598950886174174
Riau,Kab. Siak,27.92,38.74,111.16,101.49,4.68,226.4,93.42,97.36,3.3645333972905638,3.6823582371236707,4.71992642328628,4.6297652328434715,1.7369512327330598,5.426710581316436,4.54775291511814,4.588634217347992
Riau,Kota Dumai,29.66,42.18,162.77,160.79,18.76,129.7,153.7,101.93,3.422958873443668,3.7653774250866614,5.098463004461776,5.086299198017246,2.983659692319722,4.872904620630176,5.04148775757902,4.6340491455384685
Riau,Kota Pekanbaru,32.34,47.79,101.99,105.4,28.51,92.58,98.99,102.58,3.506757877322648,3.8875253738277458,4.63463189613771,4.667205576907544,3.3847291889548483,4.5388166854380705,4.605070180987758,4.640344260995746
Sulawesi Barat,Kab. Majene,9.9,11.0,94.92,94.92,1.21,62.34,68.7,99.77,2.388762789235098,2.4849066497880004,4.5635145107192585,4.5635145107192585,0.7929925155296614,4.148517041110494,4.244200317766478,4.612840692292311
Sulawesi Barat,Kab. Mamasa,2.16,2.24,97.09,78.78,0.53,46.47,36.68,97.24,1.1505720275988207,1.1755733298042381,4.585885424576224,4.379272846477261,0.4252677354043441,3.8600979325632268,3.629129449708162,4.587413464398832
Sulawesi Barat,Kab. Mamuju,7.09,8.1,102.63,97.1,2.54,98.23,94.73,97.29,2.0906287310704004,2.2082744135228043,4.640826863196126,4.585987366571318,1.264126727145683,4.5974403879261505,4.561531728958262,4.587922292578538
Sulawesi Barat,Kab. Mamuju Tengah,6.43,6.95,103.5,93.71,1.64,112.61,81.5,94.3,2.005525858729668,2.0731719286662407,4.6491870714048655,4.55081959123801,0.9707789171582247,4.732771530581813,4.412798293340635,4.557029810660157
Sulawesi Barat,Kab. Pasangkayu,6.44,6.94,103.19,98.6,2.03,130.35,151.17,98.58,2.0068708488450007,2.0719132752590443,4.646216155424092,4.601162164590552,1.1085626195212777,4.877865516131549,5.024998316932023,4.600961341214036
Sulawesi Barat,Kab. Polewali Mandar,13.21,15.61,96.88,95.36,2.05,90.47,93.22,99.74,2.6539459421090092,2.8100049236252036,4.583742238574471,4.568091177746671,1.1151415906193203,4.516011049668273,4.545632473271895,4.612542940317504
Sulawesi Selatan,Kab. Bantaeng,19.22,24.32,96.83,94.96,6.7,99.74,93.13,100.1,3.006672213592325,3.2315945972759756,4.583231278469338,4.563931437971494,2.0412203288596382,4.612542940317504,4.544676805559129,4.616110126026426
Sulawesi Selatan,Kab. Barru,12.23,13.94,101.56,101.37,2.9,104.14,105.34,102.06,2.5824869781268642,2.7040421797046714,4.63044799317236,4.628593700931679,1.3609765531356006,4.655292795391302,4.666641508076192,4.635311342900078
Sulawesi Selatan,Kab. Bone,10.25,11.72,104.16,103.32,3.12,107.98,113.23,101.48,2.4203681286504293,2.543175557911976,4.655482999861681,4.647463098178343,1.415853163361435,4.691164379154952,4.738213959745856,4.629667657588479
Sulawesi Selatan,Kab. Bulukumba,11.34,12.96,98.12,98.06,2.94,77.05,59.36,102.84,2.5128460184772416,2.6361960973342264,4.596331237320887,4.595725727160092,1.3711807233098425,4.357349646961441,4.100326633899648,4.64285125295578
Sulawesi Selatan,Kab. Enrekang,7.13,7.78,95.66,95.56,1.33,49.98,94.92,99.24,2.0955609235597192,2.172476407647025,4.571199666416938,4.570164576789276,0.8458682675776092,3.9314333989479695,4.5635145107192585,4.607567310587813
Sulawesi Selatan,Kab. Gowa,14.92,17.97,104.82,109.66,8.64,121.15,104.9,105.04,2.767576180416237,2.9428587839469227,4.661739537475985,4.7064624374699635,2.265921108622454,4.805249797703749,4.662495252607361,4.663816381420824
Sulawesi Selatan,Kab. Jeneponto,9.89,11.79,102.15,98.63,1.79,104.18,102.93,96.47,2.387844936944869,2.548663615590751,4.636184239517261,4.601463324056765,1.0260415958332743,4.655673168161198,4.6437175956003305,4.579544638349119
Sulawesi Selatan,Kab. Kepulauan Selayar,8.43,9.33,91.96,88.57,1.51,103.13,76.51,104.65,2.2438960966453663,2.3350522831315472,4.532169293103601,4.495020442487104,0.9202827531436926,4.645640118541804,4.35040696029342,4.660131744062066
Sulawesi Selatan,Kab. Luwu,11.55,13.51,105.7,105.56,3.24,141.1,151.3,101.74,2.529720665577793,2.6748380668960965,4.670021158307708,4.668708206792079,1.4445632692438664,4.956531035103055,5.025852259901116,4.632201525039122
Sulawesi Selatan,Kab. Luwu Timur,22.08,29.49,103.75,104.2,13.87,102.62,121.1,103.34,3.138966441639899,3.4173987610001633,4.6515765588022475,4.65586330030361,2.6993457604720636,4.640730361386642,4.804840381116659,4.647654797594247
Sulawesi Selatan,Kab. Luwu Utara,8.7,9.7,100.44,102.33,2.0,99.1,71.83,100.58,2.272125885509337,2.3702437414678603,4.6194674906889155,4.637927750226264,1.0986122886681098,4.6061696863211745,4.288127958229824,4.620846665373099
Sulawesi Selatan,Kab. Maros,20.69,26.08,105.05,102.79,13.08,105.24,114.83,100.7,3.076851324838783,3.298795448044074,4.663910681010692,4.642369626977198,2.644755350729896,4.665700685728123,4.752123598944254,4.622027303054514
Sulawesi Selatan,Kab. Pangkajene Kepulauan,11.74,13.56,103.03,103.05,6.31,90.2,90.91,100.4,2.5447466501440172,2.67827804276854,4.644679319082804,4.644871552839644,1.9892432737616872,4.513054897080286,4.5208098373700185,4.619073091157083
Sulawesi Selatan,Kab. Pinrang,13.21,15.22,104.38,102.49,3.45,103.52,106.29,100.89,2.6539459421090092,2.7862450486872667,4.65757286478114,4.639474989680082,1.4929040961781488,4.649378440652412,4.675535448648655,4.6238937999861935
Sulawesi Selatan,Kab. Sidenreng Rappang,13.92,16.28,99.39,93.88,4.05,94.29,84.11,96.24,2.702702594775615,2.8495497633759097,4.609062600703435,4.552612935249416,1.6193882432872684,4.556924873360097,4.4439445374888695,4.577182149447922
Sulawesi Selatan,Kab. Sinjai,8.93,9.95,101.58,99.24,1.47,108.91,95.1,100.31,2.295560478057081,2.3933394562625097,4.630642981961122,4.607567310587813,0.9042181506398859,4.699661849080809,4.565389315976247,4.618185123065586
Sulawesi Selatan,Kab. Soppeng,14.31,16.7,105.42,113.91,2.14,107.12,110.84,106.42,2.7285062096695922,2.8735646395797834,4.667393529168224,4.744149213269543,1.144222799920162,4.683241721408247,4.7170692784855,4.676746384477314
Sulawesi Selatan,Kab. Takalar,4.36,4.97,98.89,97.66,2.46,43.24,42.03,101.93,1.6789639750827108,1.7867469274045107,4.604069580544058,4.5916795958055925,1.2412685890696329,3.7896293572140793,3.7618975468505083,4.6340491455384685
Sulawesi Selatan,Kab. Tana Toraja,11.08,12.46,100.3,97.63,1.54,92.73,80.34,97.34,2.4915511925066687,2.599722324216582,4.618086411254637,4.591375474965902,0.9321640810304452,4.540418308758395,4.398637900479079,4.5884308619837935
Sulawesi Selatan,Kab. Toraja Utara,4.78,5.11,97.75,97.64,2.18,60.69,85.41,99.59,1.7544036826842861,1.809926773183504,4.592591403781231,4.591476858856089,1.1568811967920856,4.122121843221548,4.4591034098533076,4.611052849146247
Sulawesi Selatan,Kab. Wajo,11.08,12.65,103.46,102.74,3.62,108.21,121.58,97.33,2.4915511925066687,2.613739521630969,4.6488042230081525,4.6418877689232545,1.5303947050936475,4.693272634209637,4.808763878057586,4.588329168792065
Sulawesi Selatan,Kota Makassar,38.73,63.87,84.96,79.8,33.45,66.43,72.09,111.32,3.6821065698265074,4.172385267224964,4.453882071774309,4.39197696552705,3.539508997459668,4.2110900227464905,4.2916915584923006,4.721351940277501
Sulawesi Selatan,Kota Palopo,20.57,26.33,94.8,86.96,4.95,80.98,107.16,98.38,3.071303460401065,3.3079849999399764,4.562262684976814,4.47688216568656,1.7833912195575383,4.406475315076191,4.683611612294654,4.598950886174174
Sulawesi Selatan,Kota Pare-pare,20.99,26.9,98.73,97.08,4.73,109.23,105.26,100.17,3.09058780456667,3.32862668882732,4.602466534413777,4.585783472187901,1.7457155307266483,4.702569091975224,4.665888921022797,4.616802270217799
Sulawesi Tengah,Kab. Banggai,9.59,10.74,98.25,97.61,3.01,90.4,65.8,102.11,2.359910159613315,2.4630018143999504,4.5976419195673,4.591172676344238,1.3887912413184778,4.515245478460105,4.2017030805426,4.635796379529852
Sulawesi Tengah,Kab. Banggai Kepulauan,4.99,5.28,101.4,98.5,0.8,104.85,100.14,102.56,1.7900914121273581,1.8373699804801074,4.628886712605407,4.600157644164547,0.5877866649021191,4.662022997580874,4.616505695651837,4.640151154883337
Sulawesi Tengah,Kab. Banggai Laut,4.95,5.25,101.35,105.33,1.08,89.5,43.76,105.01,1.7833912195575383,1.8325814637483102,4.628398312107299,4.666547465662995,0.7323678937132266,4.505349850705881,3.8013148834437245,4.663533429285006
Sulawesi Tengah,Kab. Buol,8.73,9.71,106.01,110.1,0.91,142.35,101.41,103.86,2.2752138961979136,2.3711778844596574,4.67292228803891,4.7104306966455844,0.6471032420585385,4.9652891923293785,4.628984364087346,4.652626127144386
Sulawesi Tengah,Kab. Donggala,7.19,7.83,107.47,107.91,4.07,188.04,198.33,100.08,2.102913897864978,2.178155014615869,4.686473637052126,4.690521853087595,1.623340817603092,5.241958632878652,5.2949617427346745,4.615912282519994
Sulawesi Tengah,Kab. Morowali,30.09,43.31,117.56,104.06,15.74,151.72,234.9,102.01,3.4368862240706624,3.7912103852113983,4.775419161547776,4.654531615525816,2.8178010650613294,5.028606179417492,5.463407986413629,4.634826070895602
Sulawesi Tengah,Kab. Morowali Utara,10.46,11.77,99.01,100.84,2.92,74.04,53.19,108.06,2.4388627112865935,2.547098670044448,4.605270180988425,4.623402954249151,1.366091653802371,4.318021304697969,3.9924963895780228,4.691898189497915
Sulawesi Tengah,Kab. Parigi Moutong,7.55,8.28,102.49,105.26,1.36,110.12,147.83,104.41,2.145931282948669,2.2278615467981093,4.639474989680082,4.665888921022797,0.8586616190375187,4.7106106984460885,5.0028047149810675,4.657857508267098
Sulawesi Tengah,Kab. Poso,9.61,10.82,100.26,96.73,1.68,105.05,57.29,102.4,2.3617969526258915,2.469793011977952,4.617691466541763,4.582208574350744,0.9858167945227653,4.663910681010692,4.0654305520574585,4.638604962074329
Sulawesi Tengah,Kab. Sigi,6.07,6.54,105.66,105.45,2.32,136.75,135.4,102.68,1.9558604799084813,2.020222182019865,4.669646205172456,4.667675391339489,1.199964782928397,4.925440448033024,4.915591745409362,4.641309232603964
Sulawesi Tengah,Kab. Tojo Una Una,8.13,8.94,108.83,106.21,1.12,143.47,121.21,99.76,2.211565694606877,2.2965670206684825,4.698933715800255,4.674789527868148,0.7514160886839212,4.97307187354129,4.805740876449909,4.61274145148441
Sulawesi Tengah,Kab. Toli-Toli,10.09,11.38,99.56,95.86,1.71,87.36,54.71,96.29,2.4060438013622756,2.5160822672564502,4.610754564281992,4.573266636975083,0.9969486348916096,4.481419378551917,4.020159664032724,4.577696208987336
Sulawesi Tengah,Kota Palu,22.69,29.87,108.21,106.54,13.57,122.12,124.54,109.81,3.165053018170694,3.429784838514068,4.693272634209637,4.6778628713815325,2.6789646202071133,4.813159489530624,4.832624432889386,4.707817022948234
Sulawesi Tenggara,Kab. Bombana,8.2,9.01,102.54,102.88,1.59,118.12,78.93,104.47,2.2192034840549946,2.303584593327129,4.639958011473755,4.643236386794547,0.9516578757114464,4.780131388375754,4.381151251637927,4.658426552288523
Sulawesi Tenggara,Kab. Buton,5.03,5.37,101.72,104.76,0.64,129.1,82.8,104.2,1.7967470107390942,1.851599469584072,4.632006839941651,4.6611723761033765,0.49469624183610705,4.86830338551846,4.428433007488037,4.65586330030361
Sulawesi Tenggara,Kab. Buton Selatan,3.28,3.44,103.07,93.82,0.59,167.16,161.6,100.93,1.4539530095937054,1.4906543764441333,4.6450637496497675,4.551980357473973,0.4637340162321401,5.124915907128641,5.0912931971137105,4.624286303180321
Sulawesi Tenggara,Kab. Buton Tengah,2.65,2.77,104.51,98.73,0.84,117.81,120.23,105.98,1.2947271675944,1.3270750014599193,4.658805735154001,4.602466534413777,0.6097655716208943,4.777525578470196,4.797689567758492,4.672641901103104
Sulawesi Tenggara,Kab. Buton Utara,3.2,3.33,101.53,97.94,0.57,103.4,111.04,114.97,1.4350845252893227,1.4655675420143985,4.630155438682,4.594513605799563,0.4510756193602167,4.648229675448539,4.718855950391908,4.753331536968612
Sulawesi Tenggara,Kab. Kolaka,9.86,11.03,114.89,107.33,3.04,105.76,90.62,103.53,2.3850863145057892,2.4874035299865875,4.7526414653463,4.6851821239574765,1.3962446919730587,4.670583324536324,4.517649588458596,4.649474111544616
Sulawesi Tenggara,Kab. Kolaka Timur,3.11,3.27,103.61,95.79,0.9,94.83,86.65,101.77,1.4134230285081433,1.4516138272405332,4.650239149355669,4.572543683160998,0.6418538861723948,4.562575788355671,4.473351611367243,4.632493481636982
Sulawesi Tenggara,Kab. Kolaka Utara,6.11,6.6,107.09,106.29,0.92,130.18,97.2,104.81,1.9615022438151495,2.028148247292285,4.682964213428112,4.675535448648655,0.6523251860396903,4.876570425865589,4.58700621536042,4.66164503291607
Sulawesi Tenggara,Kab. Konawe,10.2,11.47,97.79,100.75,1.92,76.72,29.09,100.81,2.4159137783010487,2.523325759691945,4.592996385056383,4.622518824322705,1.0715836162801904,4.353112624509239,3.4041928906419536,4.623108331119105
Sulawesi Tenggara,Kab. Konawe Kepulauan,2.44,2.52,105.69,115.45,0.82,117.03,339.14,109.44,1.235471471385307,1.2584609896100056,4.66992743320337,4.75746199633035,0.598836501088704,4.770938829440977,5.829357297564267,4.704472387061954
Sulawesi Tenggara,Kab. Konawe Selatan,7.37,8.01,103.34,104.91,3.43,132.4,137.47,115.62,2.124653884501384,2.1983350716202463,4.647654797594247,4.6625896768555775,1.4883995840570443,4.893352133481524,4.9306536956666225,4.75892078579401
Sulawesi Tenggara,Kab. Konawe Utara,3.1,3.21,101.99,109.54,0.75,84.12,113.49,123.63,1.410986973710262,1.43746264769429,4.63463189613771,4.705377446405117,0.5596157879354227,4.444062025593334,4.740487482935721,4.825349347838285
Sulawesi Tenggara,Kab. Muna,5.2,5.54,92.19,99.85,0.97,35.62,17.22,106.11,1.824549292051046,1.8779371654691073,4.534640419797564,4.613634264400221,0.6780335427498971,3.6005945392463645,2.9025198918318122,4.673856343776539
Sulawesi Tenggara,Kab. Muna Barat,2.51,2.63,94.17,100.85,0.61,76.75,71.01,112.19,1.2556160374777743,1.2892326482767593,4.555664766084252,4.623501142672815,0.4762341789963716,4.353498551059343,4.276804998260776,4.729067822644328
Sulawesi Tenggara,Kab. Wakatobi,5.65,6.07,103.47,96.02,1.2,146.2,141.92,107.24,1.8946168546677629,1.9558604799084813,4.648899948849417,4.57491714281707,0.7884573603642702,4.991792206294776,4.962285033155209,4.684350983862532
Sulawesi Tenggara,Kota Bau-bau,11.14,12.7,95.76,95.44,4.06,76.25,84.54,103.23,2.4965057856313524,2.617395832834079,4.572233685741827,4.5689210533129705,1.6213664832993742,4.347046915777855,4.448984102798763,4.646599995751231
Sulawesi Tenggara,Kota Kendari,24.31,32.64,98.32,103.51,14.41,90.29,133.79,106.07,3.2311995745570328,3.5157158351047473,4.598346960639966,4.649282760606412,2.7350166493320245,4.514041252576989,4.903718011750178,4.673482826170178
Sulawesi Utara,Kab. Bolaang Mongondow,7.0,7.53,84.02,95.49,4.73,117.52,122.39,117.46,2.0794415416798357,2.143589361503588,4.442886522930644,4.569439376032292,1.7457155307266483,4.775081722705364,4.815350070910442,4.774575350848819
Sulawesi Utara,Kab. Bolaang Mongondow Selatan,3.82,4.0,104.32,107.31,1.34,188.82,146.45,102.38,1.5727739280625088,1.6094379124341003,4.657003334628109,4.684997485847646,0.8501509293696101,5.246076254702346,4.993489135261285,4.638411519767893
Sulawesi Utara,Kab. Bolaang Mongondow Timur,3.58,3.74,100.21,98.9,2.27,125.79,130.61,100.2,1.5216989981260935,1.556037135706985,4.61719756620081,4.604169685654508,1.184789984909162,4.842532174539857,4.879843003846233,4.617098756853365
Sulawesi Utara,Kab. Bolaang Mongondow Utara,2.63,2.77,102.48,101.06,0.96,143.92,111.37,102.09,1.2892326482767593,1.3270750014599193,4.639378357317828,4.625560875635825,0.6729444732424258,4.976181866026876,4.721796997919811,4.635602393108293
Sulawesi Utara,Kab. Kep. Siau Tagulandang Biaro,4.04,4.24,100.51,90.66,1.02,83.57,90.93,101.63,1.6174060820832772,1.6563214983329508,4.62015731579634,4.518086079080978,0.7030975114131134,4.437579593794131,4.521027417875663,4.631130287657623
Sulawesi Utara,Kab. Kepulauan Sangihe,8.17,8.99,101.35,92.25,1.14,115.65,70.5,103.1,2.2159372862683733,2.301584592660462,4.628398312107299,4.535284058523925,0.76080582903376,4.759177998467439,4.269697449699962,4.645351975620923
Sulawesi Utara,Kab. Kepulauan Talaud,3.62,3.77,100.77,99.08,0.87,93.1,93.69,103.83,1.5303947050936475,1.56234630490025,4.62271536520384,4.605969866158656,0.6259384308664953,4.544358046591334,4.550608397995409,4.6523399904644815
Sulawesi Utara,Kab. Minahasa,8.47,9.41,102.1,100.29,3.86,123.87,110.97,99.25,2.248128907197987,2.3427668826268775,4.635699391022914,4.6179876896987055,1.5810384379124023,4.827273196127054,4.718230978272105,4.6076670661866785
Sulawesi Utara,Kab. Minahasa Selatan,3.2,3.4,104.98,102.7,2.13,119.56,118.64,98.39,1.4350845252893227,1.4816045409242156,4.663250397064616,4.641502115235482,1.1410330045520618,4.79214755431824,4.784487233761747,4.599051504979914
Sulawesi Utara,Kab. Minahasa Tenggara,1.8,1.83,91.75,91.83,1.07,71.23,70.79,99.31,1.0296194171811583,1.0402767116551463,4.529907701487544,4.530769863411841,0.7275486072772778,4.2798554720627555,4.273745190588392,4.608265390895394
Sulawesi Utara,Kab. Minahasa Utara,11.96,13.75,103.33,106.89,7.9,124.19,132.27,103.64,2.561867690924129,2.691243082785829,4.647558952479878,4.681112189563248,2.186051276738094,4.829832583271571,4.892377145591635,4.650525887708889
Sulawesi Utara,Kota Bitung,9.31,10.45,105.91,121.38,7.11,76.59,79.83,123.81,2.333114298028869,2.4379897300002487,4.671987359025408,4.807130958034395,2.093097868127322,4.351438552905858,4.392348183745753,4.826792580930363
Sulawesi Utara,Kota Kotamobagu,18.44,22.8,104.54,103.1,3.87,115.36,95.65,102.49,2.967332799032293,3.169685580677429,4.659090027977522,4.645351975620923,1.5830939370944985,4.756688833627001,4.57109620565434,4.639474989680082
Sulawesi Utara,Kota Manado,26.24,36.26,93.08,87.72,23.74,75.62,84.84,99.56,3.3046864812813115,3.6179203651734424,4.544145484150317,4.485485343042112,3.208421366964342,4.338858139272503,4.452485098322443,4.610754564281992
Sulawesi Utara,Kota Tomohon,7.41,8.13,96.6,96.34,4.7,73.88,79.14,103.65,2.1294214739848565,2.211565694606877,4.580877493419047,4.5782100044053085,1.7404661748405046,4.315886832169337,4.383775105207999,4.650621448892009
Sumatera Barat,Kab. Agam,10.54,11.82,95.84,91.26,3.19,70.33,60.91,101.19,2.4458192610799534,2.551006451492524,4.573060132069858,4.524610678129674,1.4327007339340463,4.267316996289947,4.12568171753114,4.626833825624118
Sumatera Barat,Kab. Dharmasraya,11.42,13.07,102.25,90.49,2.53,114.3,104.02,99.36,2.519308076505333,2.644044871126298,4.637153231841142,4.516229676691444,1.2612978709452054,4.747537427275013,4.654150808209713,4.608763721498222
Sumatera Barat,Kab. Kepulauan Mentawai,5.19,5.52,100.33,98.11,0.92,94.96,140.35,102.17,1.8229350866965048,1.8748743759385615,4.618382517460226,4.596230344418617,0.6523251860396903,4.563931437971494,4.9512390841395995,4.6363781131122845
Sumatera Barat,Kab. Lima Puluh Kota,8.08,8.82,100.95,94.96,2.67,93.0,75.75,96.68,2.206074192613202,2.2844211223663744,4.624482497020464,4.563931437971494,1.3001916620664788,4.543294782270004,4.340553386467307,4.581696829802449
Sumatera Barat,Kab. Padang Pariaman,10.73,12.02,100.17,91.99,4.45,104.87,93.97,100.85,2.462149662665384,2.5664866367804233,4.616802270217799,4.5324919604901055,1.6956156086751528,4.662211926355289,4.553561052254861,4.623501142672815
Sumatera Barat,Kab. Pasaman,10.05,11.22,99.1,94.71,1.16,97.94,97.72,102.63,2.402430427963762,2.503073953743449,4.6061696863211745,4.561322786207815,0.7701082216960736,4.594513605799563,4.592287560157078,4.640826863196126
Sumatera Barat,Kab. Pasaman Barat,11.5,13.03,98.91,94.23,2.81,96.72,85.41,104.02,2.5257286443082556,2.6411978941143697,4.604269780744927,4.5562950182059545,1.3376291891386096,4.5821062463895395,4.4591034098533076,4.654150808209713
Sumatera Barat,Kab. Pesisir Selatan,9.28,10.28,101.89,96.12,1.72,110.94,103.42,98.37,2.330200260027019,2.423031246069913,4.633660456387719,4.575947327311188,1.000631880307906,4.717963013463214,4.648421227982406,4.598850257243272
Sumatera Barat,Kab. Sijunjung,11.35,12.84,102.33,95.83,1.76,107.66,101.27,104.39,2.513656063073986,2.6275629501895237,4.637927750226264,4.57295686362344,1.0152306797290587,4.688223741123377,4.627616374817921,4.657667754945845
Sumatera Barat,Kab. Solok,7.54,8.16,100.52,97.18,1.99,105.38,110.22,100.59,2.1447610078004784,2.214846178686039,4.620255823406132,4.586802528629907,1.095273387402595,4.667017589314171,4.711510221759418,4.620945105103454
Sumatera Barat,Kab. Solok Selatan,10.58,11.99,101.86,97.57,1.33,118.3,85.64,104.53,2.449279472144849,2.5641798306825083,4.63336884034677,4.590766955677347,0.8458682675776092,4.78164132910387,4.461761602692735,4.658995272682999
Sumatera Barat,Kab. Tanah Datar,12.02,13.7,101.21,97.22,2.13,107.76,101.42,100.65,2.5664866367804233,2.6878474937846906,4.627029520340985,4.5872098606110985,1.1410330045520618,4.68914361976427,4.6290820060344045,4.621535540074356
Sumatera Barat,Kota Bukit Tinggi,17.41,21.09,94.11,90.08,7.31,76.58,97.33,106.26,2.9128939952449864,3.095125017432026,4.555034116494294,4.5117382411955385,2.1174596088673567,4.351309662011821,4.588329168792065,4.675255793554779
Sumatera Barat,Kota Padang,28.51,39.95,89.91,90.17,21.1,70.94,65.77,100.61,3.3847291889548483,3.7123518102990785,4.509870006133767,4.5127258955968115,3.095577608523707,4.275832438267478,4.201253877869777,4.62114195549779
Sumatera Barat,Kota Padang Panjang,18.58,23.02,101.11,93.28,1.88,105.47,102.83,101.83,2.9745086371023644,3.1788868166518376,4.6260506635674465,4.5462690780679305,1.0577902941478545,4.667863255326515,4.642754946315362,4.6330771392411
Sumatera Barat,Kota Pariaman,6.17,6.65,96.89,91.6,2.29,65.47,118.97,98.94,1.969905654611529,2.0347056478384444,4.583844399273339,4.528289141652134,1.1908875647772805,4.19675071805349,4.787241711526836,4.604570005916059
Sumatera Barat,Kota Payakumbuh,16.62,19.99,103.83,95.08,3.11,109.94,111.09,98.91,2.8690346205080335,3.0440461338325417,4.6523399904644815,4.565181177771728,1.4134230285081433,4.708989514627088,4.719302120033004,4.604269780744927
Sumatera Barat,Kota Sawahlunto,9.9,10.99,99.82,88.55,1.35,85.52,105.32,100.29,2.388762789235098,2.4840729690394228,4.6133367486544845,4.494797128506721,0.8544153281560676,4.460375601084858,4.66645341440499,4.6179876896987055
Sumatera Barat,Kota Solok,7.61,8.32,100.89,90.07,2.55,95.66,114.16,113.02,2.1529243184396396,2.2321626286975,4.6238937999861935,4.511628441579727,1.2669476034873244,4.571199666416938,4.746322465743975,4.736373871603436
Sumatera Selatan,Kab. Banyuasin,10.86,12.92,109.24,107.86,7.04,99.73,93.56,99.94,2.4731713935695794,2.6333266549062735,4.7026598072653485,4.690062653006054,2.084429083190875,4.612443669954589,4.549234553657788,4.614526280912116
Sumatera Selatan,Kab. Empat Lawang,4.42,4.68,97.26,97.18,0.93,41.89,24.54,90.59,1.6900958154515549,1.7369512327330598,4.587617026740502,4.586802528629907,0.6575200029167942,3.758638698528789,3.2402458506043934,4.5173220954148965
Sumatera Selatan,Kab. Lahat,6.61,7.28,124.18,126.45,2.28,134.33,82.21,103.23,2.0294631718735947,2.1138429683971682,4.829752701496555,4.847724130822124,1.1878434223960523,4.907716240088415,4.421367532912338,4.646599995751231
Sumatera Selatan,Kab. Muara Enim,11.54,13.11,118.63,120.19,3.87,142.07,150.91,108.6,2.5289235352047745,2.6468837658647226,4.784403646182813,4.797359561980396,1.5830939370944985,4.963334020978243,5.023288240219571,4.696837374513915
Sumatera Selatan,Kab. Musi Banyuasin,9.7,10.75,129.54,127.39,2.27,96.58,93.62,95.15,2.3702437414678603,2.463853240590168,4.871679693207072,4.855072506602992,1.184789984909162,4.580672554387691,4.549868870203002,4.565909472034789
Sumatera Selatan,Kab. Musi Rawas,6.87,7.38,131.79,133.74,1.52,44.13,15.79,102.17,2.063058062429312,2.1258479144939915,4.888768933002236,4.903346995532514,0.9242589015233319,3.80954721383891,2.8207834710894493,4.6363781131122845
Sumatera Selatan,Kab. Musi Rawas Utara,4.94,5.42,111.27,117.44,1.43,118.02,107.87,108.27,1.7817091333745536,1.8594181177018698,4.720906684470688,4.774406503233391,0.8878912573524571,4.779291546216706,4.690154509893088,4.693821883582654
Sumatera Selatan,Kab. OKU Selatan,4.31,4.54,98.35,97.64,1.35,92.84,91.69,101.65,1.6695918352538475,1.7119945007591924,4.598648968997826,4.591476858856089,0.8544153281560676,4.54159120434522,4.529260591887741,4.6313251434649425
Sumatera Selatan,Kab. OKU Timur,6.26,6.77,111.6,113.67,2.46,122.08,105.85,101.57,1.9823798288367047,2.050270164379556,4.72384171570559,4.742058438050213,1.2412685890696329,4.812834550453841,4.671425981765156,4.630545492319319
Sumatera Selatan,Kab. Ogan Ilir,8.08,8.8,106.43,110.41,3.53,68.9,51.7,109.99,2.206074192613202,2.2823823856765264,4.676839472678451,4.713217090071225,1.5107219394949427,4.247065649239764,3.9646154555473165,4.709440107163888
Sumatera Selatan,Kab. Ogan Komering Ilir,7.21,7.86,107.67,105.7,3.3,93.88,105.56,100.47,2.105352923464337,2.1815467646169897,4.68831576707476,4.670021158307708,1.4586150226995167,4.552612935249416,4.668708206792079,4.6197631882909915
Sumatera Selatan,Kab. Ogan Komering Ulu,8.05,9.21,103.07,91.88,3.84,70.94,69.24,92.87,2.2027647577118348,2.3233676321765744,4.6450637496497675,4.531308337389636,1.5769147207285403,4.275832438267478,4.251917949326861,4.541910846348901
Sumatera Selatan,Kab. Penukal Abab Lematang Ilir,4.72,5.0,105.25,108.36,1.88,97.85,98.8,122.38,1.7439688053917064,1.791759469228055,4.665794807804526,4.6946451924156944,1.0577902941478545,4.593603549616626,4.603168183317418,4.815269023781492
Sumatera Selatan,Kota Lubuk Linggau,12.54,14.35,109.04,113.02,5.41,109.72,94.71,99.51,2.605648267484129,2.731115474033206,4.700843936056374,4.736373871603436,1.8578592709325787,4.707004491869359,4.561322786207815,4.610257225036649
Sumatera Selatan,Kota Pagar Alam,8.64,9.51,112.6,113.22,1.33,123.0,119.29,104.47,2.265921108622454,2.3523271848888596,4.732683506287051,4.738126413236717,0.8458682675776092,4.820281565605037,4.789905494005981,4.658426552288523
Sumatera Selatan,Kota Palembang,34.39,58.99,103.22,97.16,26.96,93.67,91.2,97.22,3.566429294357372,4.094177881665002,4.646504049481068,4.586598800402656,3.3307749173656096,4.5503971601407995,4.523960130562548,4.5872098606110985
Sumatera Selatan,Kota Prabumulih,10.24,11.49,148.01,128.98,3.84,156.82,193.57,97.17,2.419478844465545,2.5249283241374862,5.004013417787369,4.867380592466203,1.5769147207285403,5.061455143092889,5.270791995483284,4.58670066970443
Sumatera Utara,Kab. Asahan,9.47,10.62,105.07,104.09,4.67,101.51,88.95,98.92,2.3485140248824456,2.4527277514237653,4.664099253517379,4.654817125877505,1.7351891177396608,4.62996035479531,4.499253960396542,4.604369865817322
Sumatera Utara,Kab. Batu Bara,10.65,12.08,99.12,97.03,8.19,98.5,94.55,103.13,2.4553061800117097,2.5710843460290524,4.6063694665635735,4.585273554273635,2.2181159363675955,4.600157644164547,4.559649670686282,4.645640118541804
Sumatera Utara,Kab. Dairi,7.14,7.77,102.88,100.02,1.72,107.89,83.3,103.7,2.096790180014449,2.1713368063840917,4.643236386794547,4.615318517039906,1.000631880307906,4.69033819835797,4.4343818650078095,4.651099117876491
Sumatera Utara,Kab. Deli Serdang,27.2,37.38,88.99,88.71,20.71,68.15,64.96,100.31,3.339321977944068,3.647536490579554,4.4996985530458575,4.496582245571192,3.0777729838902004,4.236278058110767,4.189048497691398,4.618185123065586
Sumatera Utara,Kab. Humbang Hasundutan,6.77,7.51,99.27,97.5,1.41,85.75,97.55,103.5,2.050270164379556,2.1412419425852827,4.607866547535834,4.590056548178043,0.8796267475025636,4.4630304188269685,4.590564033598729,4.6491870714048655
Sumatera Utara,Kab. Karo,7.25,7.91,103.96,103.88,4.11,88.09,100.67,100.36,2.1102132003465894,2.187174241482718,4.653579325195778,4.652816839455444,1.631199404215613,4.489647094732552,4.62173227428707,4.618678536012884
Sumatera Utara,Kab. Labuhanbatu,14.43,17.07,99.49,97.65,4.96,84.07,61.28,100.01,2.7363136663750693,2.8942531046041373,4.610058220060867,4.591578232468624,1.7850704810772584,4.443474446987793,4.131640346965797,4.615219521841093
Sumatera Utara,Kab. Labuhanbatu Selatan,6.22,6.66,105.24,103.06,3.03,89.23,76.69,102.3,1.9768549529047348,2.0360119837525,4.665700685728123,4.644967655862158,1.3937663759585917,4.50236196600641,4.3527265489623295,4.637637376125593
Sumatera Utara,Kab. Labuhanbatu Utara,5.31,5.67,104.15,99.46,2.93,105.84,103.76,106.28,1.8421356765531218,1.8976198599275322,4.655387902148709,4.609759638321899,1.3686394258811698,4.67133238824176,4.651672019639511,4.675442238973423
Sumatera Utara,Kab. Langkat,10.53,11.99,121.7,121.43,8.6,150.16,172.7,99.63,2.4449523342809676,2.5641798306825083,4.809742351716865,4.807539438085824,2.2617630984737906,5.018338878481289,5.157329673247059,4.611450423945242
Sumatera Utara,Kab. Mandailing Natal,7.24,7.9,102.21,98.66,2.76,109.97,139.47,99.79,2.1090003439213802,2.186051276738094,4.636765747577842,4.601764392853259,1.324418957401803,4.709259894512472,4.944993942842818,4.613039144366787
Sumatera Utara,Kab. Nias,12.37,14.21,108.87,100.44,0.95,155.49,171.09,96.87,2.5930133911138515,2.7219531062712017,4.699297848712789,4.6194674906889155,0.6678293725756554,5.05299211017508,5.148017595776819,4.583640067437728
Sumatera Utara,Kab. Nias Barat,2.05,2.11,107.34,101.92,0.77,86.6,89.4,97.87,1.1151415906193203,1.1346227261911428,4.685274430229753,4.6339519874135435,0.5709795465857378,4.472780997942346,4.504244267398131,4.593805855909042
Sumatera Utara,Kab. Nias Selatan,1.65,1.69,102.71,95.76,0.91,129.76,147.79,93.11,0.9745596399981308,0.9895411936137477,4.641598542601643,4.572233685741827,0.6471032420585385,4.87336358185601,5.002535915839606,4.544464310870697
Sumatera Utara,Kab. Nias Utara,1.77,1.82,104.42,97.38,0.62,86.82,57.37,98.67,1.0188473201992472,1.0367368849500223,4.6579523714270605,4.588837531367194,0.4824261492442927,4.475289265133571,4.0668020592157,4.601864728979365
Sumatera Utara,Kab. Padang Lawas,4.03,4.24,100.73,95.53,1.84,65.31,44.95,97.88,1.6154199841116479,1.6563214983329508,4.622322244805657,4.569853840860524,1.0438040521731147,4.194340715380776,3.827553848801696,4.59390699370938
Sumatera Utara,Kab. Padang Lawas Utara,3.95,4.15,102.69,99.2,1.59,116.62,122.05,97.79,1.599387576580599,1.6389967146756448,4.6414056785701865,4.607168188650764,0.9516578757114464,4.76745908903181,4.812590776837065,4.592996385056383
Sumatera Utara,Kab. Pakpak Bharat,3.63,3.79,102.07,91.06,0.52,107.48,104.2,95.88,1.5325568680981427,1.5665304114228238,4.635408369048701,4.5224405383890955,0.41871033485818504,4.686565824192085,4.65586330030361,4.573473099244837
Sumatera Utara,Kab. Samosir,8.02,8.81,98.97,98.63,2.46,92.17,85.9,101.47,2.199444334074532,2.2834022735772717,4.60487014097909,4.601463324056765,1.2412685890696329,4.534425781462334,4.464758032271346,4.629570072811626
Sumatera Utara,Kab. Serdang Bedagai,8.8,9.78,102.55,96.9,5.73,96.47,102.21,94.67,2.2823823856765264,2.377692565480851,4.640054587841593,4.583946549536464,1.9065751436566365,4.579544638349119,4.636765747577842,4.560904769690076
Sumatera Utara,Kab. Simalungun,7.14,7.84,100.51,100.04,4.88,81.22,94.7,103.16,2.096790180014449,2.179286876649552,4.62015731579634,4.6155164780422355,1.7715567619105355,4.409398581469732,4.5612182984589085,4.6459281784602595
Sumatera Utara,Kab. Tapanuli Selatan,10.16,11.87,111.48,109.1,2.6,138.49,127.26,113.61,2.412335956953165,2.554899021608035,4.722775428062355,4.701389043728634,1.2809338454620642,4.937992914104144,4.854059453720717,4.741535060508608
Sumatera Utara,Kab. Tapanuli Tengah,6.65,7.18,101.57,96.28,2.18,93.29,98.63,96.75,2.0347056478384444,2.1016921506146558,4.630545492319319,4.577593418217857,1.1568811967920856,4.546375139477586,4.601463324056765,4.582413198865475
Sumatera Utara,Kab. Tapanuli Utara,9.63,10.86,99.1,94.13,1.97,82.59,91.4,98.03,2.363680192353857,2.4731713935695794,4.6061696863211745,4.555244377218366,1.0885619528146082,4.4259238957110645,4.526126978647638,4.5954228345332115
Sumatera Utara,Kab. Toba,7.85,8.59,100.44,97.38,4.51,106.34,96.25,100.76,2.180417459019838,2.2607208888953467,4.6194674906889155,4.588837531367194,1.706564623164823,4.676001366748682,4.577284982498556,4.622617099591812
Sumatera Utara,Kota Binjai,12.31,14.24,90.69,91.02,7.89,49.0,58.43,100.07,2.58851563240702,2.7239235502585,4.518413322061809,4.522005944727322,2.1849270495258133,3.912023005428146,4.084799149378569,4.615813346086571
Sumatera Utara,Kota Gunungsitoli,3.6,3.79,103.55,105.9,2.74,69.6,85.99,106.33,1.5260563034950494,1.5665304114228238,4.649665425874643,4.671893818030999,1.3190856114264407,4.257030144499196,4.46579316951945,4.675908200493433
Sumatera Utara,Kota Medan,42.1,74.91,79.8,79.84,36.33,68.46,68.79,108.27,3.763522997109702,4.3295484280286765,4.39197696552705,4.39247189253542,3.6197972929264925,4.240751047315928,4.245490733029061,4.693821883582654
Sumatera Utara,Kota Padang Sidempuan,8.32,9.18,99.4,92.68,2.97,71.38,87.24,108.41,2.2321626286975,2.3204250111223765,4.609162207257629,4.539884719289462,1.3787660946990992,4.281930018135596,4.480060374945247,4.695102293488699
Sumatera Utara,Kota Pematang Siantar,14.73,17.49,100.1,99.65,8.66,86.37,100.71,105.11,2.7555697170701863,2.9172300453990334,4.616110126026426,4.611649152085801,2.2679936482244267,4.470151974310003,4.622125626637505,4.6644762918854985
Sumatera Utara,Kota Sibolga,14.16,16.7,103.18,99.83,2.11,88.95,111.82,112.58,2.7186603802142257,2.8735646395797834,4.646120172317046,4.613435930405124,1.1346227261911428,4.499253960396542,4.72579362831183,4.732507434449286
Sumatera Utara,Kota Tanjung Balai,11.48,13.16,99.51,96.26,3.15,97.42,95.91,102.84,2.5241273629412815,2.6504210882655737,4.610257225036649,4.57738780497564,1.423108334242607,4.589244035437832,4.573782712746459,4.64285125295578
Sumatera Utara,Kota Tebing Tinggi,13.97,16.47,94.54,90.97,5.95,85.96,108.06,96.75,2.706048198431537,2.8604851241459652,4.559545007961816,4.521462436914606,1.9387416595767009,4.465448242812954,4.691898189497915,4.582413198865475
